"ItemName","AssetName","ItemType","Set","Tier","SetMultiplier","Level","hp","mana","ataque","defensa","velocidadAtaque","ataqueCritico","danoCritico","suerte","destreza"
"Anillo de Legionarius Centuria","Conquistador Anillo II","8","Conquistador (Legionarius)","centuria","11","1","0","47","2","0","0","1","108","174","6"
"Anillo de Legionarius Centuria","Conquistador Anillo II","8","Conquistador (Legionarius)","centuria","11","5","22","69","57","66","44","45","174","196","39"
"Anillo de Legionarius Centuria","Conquistador Anillo II","8","Conquistador (Legionarius)","centuria","11","10","77","157","145","165","99","144","240","284","127"
"Anillo de Legionarius Centuria","Conquistador Anillo II","8","Conquistador (Legionarius)","centuria","11","25","352","432","409","407","319","386","515","559","336"
"Anillo de Legionarius Centuria","Conquistador Anillo II","8","Conquistador (Legionarius)","centuria","11","50","770","927","893","858","770","782","889","933","798"
"Anillo de Legionarius Centuria","Conquistador Anillo II","8","Conquistador (Legionarius)","centuria","11","100","1540","1796","1553","1628","1562","1728","1824","1857","1711"
"Anillo de Legionarius Centuria","Conquistador Anillo II","8","Conquistador (Legionarius)","centuria","11","150","2354","2489","2257","2651","2310","2564","2660","2682","2591"
"Anillo de Legionarius Centuria","Conquistador Anillo II","8","Conquistador (Legionarius)","centuria","11","200","3289","3281","3082","3454","3289","3312","3584","3639","3416"
"Anillo de Legionarius Centuria","Conquistador Anillo II","8","Conquistador (Legionarius)","centuria","11","250","4092","4271","3973","4510","4081","4126","4354","4387","4153"
"Anillo de Legionarius Centuria","Conquistador Anillo II","8","Conquistador (Legionarius)","centuria","11","500","7964","8726","8208","8382","8415","8350","8292","8468","8322"
"Anillo de Legionarius Centuria","Conquistador Anillo II","8","Conquistador (Legionarius)","centuria","11","600","9603","10453","9715","10241","10230","9824","9854","10261","9840"
"Anillo de Legionarius Centuria","Conquistador Anillo II","8","Conquistador (Legionarius)","centuria","11","750","11165","11487","11299","11374","11374","11276","11339","11548","11270"
"Anillo de Legionarius Centuria","Conquistador Anillo II","8","Conquistador (Legionarius)","centuria","11","900","11572","12037","11849","11924","11924","11826","11889","12098","11820"
"Anillo de Legionarius Centuria","Conquistador Anillo II","8","Conquistador (Legionarius)","centuria","11","999","11847","12400","12212","12287","12287","12189","12252","12461","12183"
"Anillo de Legionarius Cohors","Conquistador Anillo I","8","Conquistador (Legionarius)","cohors","10","1","0","19","1","0","0","1","98","146","5"
"Anillo de Legionarius Cohors","Conquistador Anillo I","8","Conquistador (Legionarius)","cohors","10","5","20","39","51","60","40","41","158","166","35"
"Anillo de Legionarius Cohors","Conquistador Anillo I","8","Conquistador (Legionarius)","cohors","10","10","70","119","131","150","90","131","218","246","115"
"Anillo de Legionarius Cohors","Conquistador Anillo I","8","Conquistador (Legionarius)","cohors","10","25","320","369","371","370","290","351","468","496","305"
"Anillo de Legionarius Cohors","Conquistador Anillo I","8","Conquistador (Legionarius)","cohors","10","50","700","819","811","780","700","711","808","836","725"
"Anillo de Legionarius Cohors","Conquistador Anillo I","8","Conquistador (Legionarius)","cohors","10","100","1400","1609","1411","1480","1420","1571","1658","1676","1555"
"Anillo de Legionarius Cohors","Conquistador Anillo I","8","Conquistador (Legionarius)","cohors","10","150","2140","2239","2051","2410","2100","2331","2418","2426","2355"
"Anillo de Legionarius Cohors","Conquistador Anillo I","8","Conquistador (Legionarius)","cohors","10","200","2990","2959","2801","3140","2990","3011","3258","3296","3105"
"Anillo de Legionarius Cohors","Conquistador Anillo I","8","Conquistador (Legionarius)","cohors","10","250","3720","3859","3611","4100","3710","3751","3958","3976","3775"
"Anillo de Legionarius Cohors","Conquistador Anillo I","8","Conquistador (Legionarius)","cohors","10","500","7240","7909","7461","7620","7650","7591","7538","7686","7565"
"Anillo de Legionarius Cohors","Conquistador Anillo I","8","Conquistador (Legionarius)","cohors","10","600","8730","9479","8831","9310","9300","8931","8958","9316","8945"
"Anillo de Legionarius Cohors","Conquistador Anillo I","8","Conquistador (Legionarius)","cohors","10","750","10150","10419","10271","10340","10340","10251","10308","10486","10245"
"Anillo de Legionarius Cohors","Conquistador Anillo I","8","Conquistador (Legionarius)","cohors","10","900","10520","10919","10771","10840","10840","10751","10808","10986","10745"
"Anillo de Legionarius Cohors","Conquistador Anillo I","8","Conquistador (Legionarius)","cohors","10","999","10770","11249","11101","11170","11170","11081","11138","11316","11075"
"Anillo de Legionarius Legio","Conquistador Anillo III","8","Conquistador (Legionarius)","legio","12","1","0","76","2","0","0","1","119","203","7"
"Anillo de Legionarius Legio","Conquistador Anillo III","8","Conquistador (Legionarius)","legio","12","5","24","100","62","72","48","49","191","227","43"
"Anillo de Legionarius Legio","Conquistador Anillo III","8","Conquistador (Legionarius)","legio","12","10","84","196","158","180","108","157","263","323","139"
"Anillo de Legionarius Legio","Conquistador Anillo III","8","Conquistador (Legionarius)","legio","12","25","384","496","446","444","348","421","563","623","367"
"Anillo de Legionarius Legio","Conquistador Anillo III","8","Conquistador (Legionarius)","legio","12","50","840","1036","974","936","840","853","971","1031","871"
"Anillo de Legionarius Legio","Conquistador Anillo III","8","Conquistador (Legionarius)","legio","12","100","1680","1984","1694","1776","1704","1885","1991","2039","1867"
"Anillo de Legionarius Legio","Conquistador Anillo III","8","Conquistador (Legionarius)","legio","12","150","2568","2740","2462","2892","2520","2797","2903","2939","2827"
"Anillo de Legionarius Legio","Conquistador Anillo III","8","Conquistador (Legionarius)","legio","12","200","3588","3604","3362","3768","3588","3613","3911","3983","3727"
"Anillo de Legionarius Legio","Conquistador Anillo III","8","Conquistador (Legionarius)","legio","12","250","4464","4684","4334","4920","4452","4501","4751","4799","4531"
"Anillo de Legionarius Legio","Conquistador Anillo III","8","Conquistador (Legionarius)","legio","12","500","8688","9544","8954","9144","9180","9109","9047","9251","9079"
"Anillo de Legionarius Legio","Conquistador Anillo III","8","Conquistador (Legionarius)","legio","12","600","10476","11428","10598","11172","11160","10717","10751","11207","10735"
"Anillo de Legionarius Legio","Conquistador Anillo III","8","Conquistador (Legionarius)","legio","12","750","12180","12556","12326","12408","12408","12301","12371","12611","12295"
"Anillo de Legionarius Legio","Conquistador Anillo III","8","Conquistador (Legionarius)","legio","12","900","12624","13156","12926","13008","13008","12901","12971","13211","12895"
"Anillo de Legionarius Legio","Conquistador Anillo III","8","Conquistador (Legionarius)","legio","12","999","12924","13552","13322","13404","13404","13297","13367","13607","13291"
"Arma de Legionarius Centuria","Conquistador Arma II","3","Conquistador (Legionarius)","centuria","11","1","0","0","2","0","84","223","258","0","0"
"Arma de Legionarius Centuria","Conquistador Arma II","3","Conquistador (Legionarius)","centuria","11","5","22","22","57","66","128","267","324","22","33"
"Arma de Legionarius Centuria","Conquistador Arma II","3","Conquistador (Legionarius)","centuria","11","10","77","110","145","165","183","366","390","110","121"
"Arma de Legionarius Centuria","Conquistador Arma II","3","Conquistador (Legionarius)","centuria","11","25","352","385","409","407","403","608","665","385","330"
"Arma de Legionarius Centuria","Conquistador Arma II","3","Conquistador (Legionarius)","centuria","11","50","770","880","893","858","854","1004","1039","759","792"
"Arma de Legionarius Centuria","Conquistador Arma II","3","Conquistador (Legionarius)","centuria","11","100","1540","1749","1553","1628","1646","1950","1974","1683","1705"
"Arma de Legionarius Centuria","Conquistador Arma II","3","Conquistador (Legionarius)","centuria","11","150","2354","2442","2257","2651","2394","2786","2810","2508","2585"
"Arma de Legionarius Centuria","Conquistador Arma II","3","Conquistador (Legionarius)","centuria","11","200","3289","3234","3082","3454","3373","3534","3734","3465","3410"
"Arma de Legionarius Centuria","Conquistador Arma II","3","Conquistador (Legionarius)","centuria","11","250","4092","4224","3973","4510","4165","4348","4504","4213","4147"
"Arma de Legionarius Centuria","Conquistador Arma II","3","Conquistador (Legionarius)","centuria","11","500","7964","8679","8208","8382","8499","8572","8442","8294","8316"
"Arma de Legionarius Centuria","Conquistador Arma II","3","Conquistador (Legionarius)","centuria","11","600","9603","10406","9715","10241","10314","10046","10004","10087","9834"
"Arma de Legionarius Centuria","Conquistador Arma II","3","Conquistador (Legionarius)","centuria","11","750","11165","11440","11299","11374","11458","11498","11489","11374","11264"
"Arma de Legionarius Centuria","Conquistador Arma II","3","Conquistador (Legionarius)","centuria","11","900","11572","11990","11849","11924","12008","12048","12039","11924","11814"
"Arma de Legionarius Centuria","Conquistador Arma II","3","Conquistador (Legionarius)","centuria","11","999","11847","12353","12212","12287","12371","12411","12402","12287","12177"
"Arma de Legionarius Cohors","Conquistador Arma I","3","Conquistador (Legionarius)","cohors","10","1","0","0","2","0","76","223","237","0","0"
"Arma de Legionarius Cohors","Conquistador Arma I","3","Conquistador (Legionarius)","cohors","10","5","20","20","52","60","116","263","297","20","30"
"Arma de Legionarius Cohors","Conquistador Arma I","3","Conquistador (Legionarius)","cohors","10","10","70","100","132","150","166","353","357","100","110"
"Arma de Legionarius Cohors","Conquistador Arma I","3","Conquistador (Legionarius)","cohors","10","25","320","350","372","370","366","573","607","350","300"
"Arma de Legionarius Cohors","Conquistador Arma I","3","Conquistador (Legionarius)","cohors","10","50","700","800","812","780","776","933","947","690","720"
"Arma de Legionarius Cohors","Conquistador Arma I","3","Conquistador (Legionarius)","cohors","10","100","1400","1590","1412","1480","1496","1793","1797","1530","1550"
"Arma de Legionarius Cohors","Conquistador Arma I","3","Conquistador (Legionarius)","cohors","10","150","2140","2220","2052","2410","2176","2553","2557","2280","2350"
"Arma de Legionarius Cohors","Conquistador Arma I","3","Conquistador (Legionarius)","cohors","10","200","2990","2940","2802","3140","3066","3233","3397","3150","3100"
"Arma de Legionarius Cohors","Conquistador Arma I","3","Conquistador (Legionarius)","cohors","10","250","3720","3840","3612","4100","3786","3973","4097","3830","3770"
"Arma de Legionarius Cohors","Conquistador Arma I","3","Conquistador (Legionarius)","cohors","10","500","7240","7890","7462","7620","7726","7813","7677","7540","7560"
"Arma de Legionarius Cohors","Conquistador Arma I","3","Conquistador (Legionarius)","cohors","10","600","8730","9460","8832","9310","9376","9153","9097","9170","8940"
"Arma de Legionarius Cohors","Conquistador Arma I","3","Conquistador (Legionarius)","cohors","10","750","10150","10400","10272","10340","10416","10473","10447","10340","10240"
"Arma de Legionarius Cohors","Conquistador Arma I","3","Conquistador (Legionarius)","cohors","10","900","10520","10900","10772","10840","10916","10973","10947","10840","10740"
"Arma de Legionarius Cohors","Conquistador Arma I","3","Conquistador (Legionarius)","cohors","10","999","10770","11230","11102","11170","11246","11303","11277","11170","11070"
"Arma de Legionarius Legio","Conquistador Arma III","3","Conquistador (Legionarius)","legio","12","1","0","0","3","0","92","223","280","0","0"
"Arma de Legionarius Legio","Conquistador Arma III","3","Conquistador (Legionarius)","legio","12","5","24","24","63","72","140","271","352","24","36"
"Arma de Legionarius Legio","Conquistador Arma III","3","Conquistador (Legionarius)","legio","12","10","84","120","159","180","200","379","424","120","132"
"Arma de Legionarius Legio","Conquistador Arma III","3","Conquistador (Legionarius)","legio","12","25","384","420","447","444","440","643","724","420","360"
"Arma de Legionarius Legio","Conquistador Arma III","3","Conquistador (Legionarius)","legio","12","50","840","960","975","936","932","1075","1132","828","864"
"Arma de Legionarius Legio","Conquistador Arma III","3","Conquistador (Legionarius)","legio","12","100","1680","1908","1695","1776","1796","2107","2152","1836","1860"
"Arma de Legionarius Legio","Conquistador Arma III","3","Conquistador (Legionarius)","legio","12","150","2568","2664","2463","2892","2612","3019","3064","2736","2820"
"Arma de Legionarius Legio","Conquistador Arma III","3","Conquistador (Legionarius)","legio","12","200","3588","3528","3363","3768","3680","3835","4072","3780","3720"
"Arma de Legionarius Legio","Conquistador Arma III","3","Conquistador (Legionarius)","legio","12","250","4464","4608","4335","4920","4544","4723","4912","4596","4524"
"Arma de Legionarius Legio","Conquistador Arma III","3","Conquistador (Legionarius)","legio","12","500","8688","9468","8955","9144","9272","9331","9208","9048","9072"
"Arma de Legionarius Legio","Conquistador Arma III","3","Conquistador (Legionarius)","legio","12","600","10476","11352","10599","11172","11252","10939","10912","11004","10728"
"Arma de Legionarius Legio","Conquistador Arma III","3","Conquistador (Legionarius)","legio","12","750","12180","12480","12327","12408","12500","12523","12532","12408","12288"
"Arma de Legionarius Legio","Conquistador Arma III","3","Conquistador (Legionarius)","legio","12","900","12624","13080","12927","13008","13100","13123","13132","13008","12888"
"Arma de Legionarius Legio","Conquistador Arma III","3","Conquistador (Legionarius)","legio","12","999","12924","13476","13323","13404","13496","13519","13528","13404","13284"
"Armadura de Legionarius Centuria","Conquistador Armadura II","4","Conquistador (Legionarius)","centuria","11","1","2","0","0","2","0","0","0","0","0"
"Armadura de Legionarius Centuria","Conquistador Armadura II","4","Conquistador (Legionarius)","centuria","11","5","24","22","55","68","44","44","66","22","33"
"Armadura de Legionarius Centuria","Conquistador Armadura II","4","Conquistador (Legionarius)","centuria","11","10","79","110","143","167","99","143","132","110","121"
"Armadura de Legionarius Centuria","Conquistador Armadura II","4","Conquistador (Legionarius)","centuria","11","25","354","385","407","409","319","385","407","385","330"
"Armadura de Legionarius Centuria","Conquistador Armadura II","4","Conquistador (Legionarius)","centuria","11","50","772","880","891","860","770","781","781","759","792"
"Armadura de Legionarius Centuria","Conquistador Armadura II","4","Conquistador (Legionarius)","centuria","11","100","1542","1749","1551","1630","1562","1727","1716","1683","1705"
"Armadura de Legionarius Centuria","Conquistador Armadura II","4","Conquistador (Legionarius)","centuria","11","150","2356","2442","2255","2653","2310","2563","2552","2508","2585"
"Armadura de Legionarius Centuria","Conquistador Armadura II","4","Conquistador (Legionarius)","centuria","11","200","3291","3234","3080","3456","3289","3311","3476","3465","3410"
"Armadura de Legionarius Centuria","Conquistador Armadura II","4","Conquistador (Legionarius)","centuria","11","250","4094","4224","3971","4512","4081","4125","4246","4213","4147"
"Armadura de Legionarius Centuria","Conquistador Armadura II","4","Conquistador (Legionarius)","centuria","11","500","7966","8679","8206","8384","8415","8349","8184","8294","8316"
"Armadura de Legionarius Centuria","Conquistador Armadura II","4","Conquistador (Legionarius)","centuria","11","600","9605","10406","9713","10243","10230","9823","9746","10087","9834"
"Armadura de Legionarius Centuria","Conquistador Armadura II","4","Conquistador (Legionarius)","centuria","11","750","11167","11440","11297","11376","11374","11275","11231","11374","11264"
"Armadura de Legionarius Centuria","Conquistador Armadura II","4","Conquistador (Legionarius)","centuria","11","900","11574","11990","11847","11926","11924","11825","11781","11924","11814"
"Armadura de Legionarius Centuria","Conquistador Armadura II","4","Conquistador (Legionarius)","centuria","11","999","11849","12353","12210","12289","12287","12188","12144","12287","12177"
"Armadura de Legionarius Cohors","Conquistador Armadura I","4","Conquistador (Legionarius)","cohors","10","1","2","0","0","1","0","0","0","0","0"
"Armadura de Legionarius Cohors","Conquistador Armadura I","4","Conquistador (Legionarius)","cohors","10","5","22","20","50","61","40","40","60","20","30"
"Armadura de Legionarius Cohors","Conquistador Armadura I","4","Conquistador (Legionarius)","cohors","10","10","72","100","130","151","90","130","120","100","110"
"Armadura de Legionarius Cohors","Conquistador Armadura I","4","Conquistador (Legionarius)","cohors","10","25","322","350","370","371","290","350","370","350","300"
"Armadura de Legionarius Cohors","Conquistador Armadura I","4","Conquistador (Legionarius)","cohors","10","50","702","800","810","781","700","710","710","690","720"
"Armadura de Legionarius Cohors","Conquistador Armadura I","4","Conquistador (Legionarius)","cohors","10","100","1402","1590","1410","1481","1420","1570","1560","1530","1550"
"Armadura de Legionarius Cohors","Conquistador Armadura I","4","Conquistador (Legionarius)","cohors","10","150","2142","2220","2050","2411","2100","2330","2320","2280","2350"
"Armadura de Legionarius Cohors","Conquistador Armadura I","4","Conquistador (Legionarius)","cohors","10","200","2992","2940","2800","3141","2990","3010","3160","3150","3100"
"Armadura de Legionarius Cohors","Conquistador Armadura I","4","Conquistador (Legionarius)","cohors","10","250","3722","3840","3610","4101","3710","3750","3860","3830","3770"
"Armadura de Legionarius Cohors","Conquistador Armadura I","4","Conquistador (Legionarius)","cohors","10","500","7242","7890","7460","7621","7650","7590","7440","7540","7560"
"Armadura de Legionarius Cohors","Conquistador Armadura I","4","Conquistador (Legionarius)","cohors","10","600","8732","9460","8830","9311","9300","8930","8860","9170","8940"
"Armadura de Legionarius Cohors","Conquistador Armadura I","4","Conquistador (Legionarius)","cohors","10","750","10152","10400","10270","10341","10340","10250","10210","10340","10240"
"Armadura de Legionarius Cohors","Conquistador Armadura I","4","Conquistador (Legionarius)","cohors","10","900","10522","10900","10770","10841","10840","10750","10710","10840","10740"
"Armadura de Legionarius Cohors","Conquistador Armadura I","4","Conquistador (Legionarius)","cohors","10","999","10772","11230","11100","11171","11170","11080","11040","11170","11070"
"Armadura de Legionarius Legio","Conquistador Armadura III","4","Conquistador (Legionarius)","legio","12","1","2","0","0","2","0","0","0","0","0"
"Armadura de Legionarius Legio","Conquistador Armadura III","4","Conquistador (Legionarius)","legio","12","5","26","24","60","74","48","48","72","24","36"
"Armadura de Legionarius Legio","Conquistador Armadura III","4","Conquistador (Legionarius)","legio","12","10","86","120","156","182","108","156","144","120","132"
"Armadura de Legionarius Legio","Conquistador Armadura III","4","Conquistador (Legionarius)","legio","12","25","386","420","444","446","348","420","444","420","360"
"Armadura de Legionarius Legio","Conquistador Armadura III","4","Conquistador (Legionarius)","legio","12","50","842","960","972","938","840","852","852","828","864"
"Armadura de Legionarius Legio","Conquistador Armadura III","4","Conquistador (Legionarius)","legio","12","100","1682","1908","1692","1778","1704","1884","1872","1836","1860"
"Armadura de Legionarius Legio","Conquistador Armadura III","4","Conquistador (Legionarius)","legio","12","150","2570","2664","2460","2894","2520","2796","2784","2736","2820"
"Armadura de Legionarius Legio","Conquistador Armadura III","4","Conquistador (Legionarius)","legio","12","200","3590","3528","3360","3770","3588","3612","3792","3780","3720"
"Armadura de Legionarius Legio","Conquistador Armadura III","4","Conquistador (Legionarius)","legio","12","250","4466","4608","4332","4922","4452","4500","4632","4596","4524"
"Armadura de Legionarius Legio","Conquistador Armadura III","4","Conquistador (Legionarius)","legio","12","500","8690","9468","8952","9146","9180","9108","8928","9048","9072"
"Armadura de Legionarius Legio","Conquistador Armadura III","4","Conquistador (Legionarius)","legio","12","600","10478","11352","10596","11174","11160","10716","10632","11004","10728"
"Armadura de Legionarius Legio","Conquistador Armadura III","4","Conquistador (Legionarius)","legio","12","750","12182","12480","12324","12410","12408","12300","12252","12408","12288"
"Armadura de Legionarius Legio","Conquistador Armadura III","4","Conquistador (Legionarius)","legio","12","900","12626","13080","12924","13010","13008","12900","12852","13008","12888"
"Armadura de Legionarius Legio","Conquistador Armadura III","4","Conquistador (Legionarius)","legio","12","999","12926","13476","13320","13406","13404","13296","13248","13404","13284"
"Botas de Legionarius Centuria","Conquistador Botas II","9","Conquistador (Legionarius)","centuria","11","1","1","0","0","1","146","0","0","0","8"
"Botas de Legionarius Centuria","Conquistador Botas II","9","Conquistador (Legionarius)","centuria","11","5","23","22","55","67","190","44","66","22","41"
"Botas de Legionarius Centuria","Conquistador Botas II","9","Conquistador (Legionarius)","centuria","11","10","78","110","143","166","245","143","132","110","129"
"Botas de Legionarius Centuria","Conquistador Botas II","9","Conquistador (Legionarius)","centuria","11","25","353","385","407","408","465","385","407","385","338"
"Botas de Legionarius Centuria","Conquistador Botas II","9","Conquistador (Legionarius)","centuria","11","50","771","880","891","859","916","781","781","759","800"
"Botas de Legionarius Centuria","Conquistador Botas II","9","Conquistador (Legionarius)","centuria","11","100","1541","1749","1551","1629","1708","1727","1716","1683","1713"
"Botas de Legionarius Centuria","Conquistador Botas II","9","Conquistador (Legionarius)","centuria","11","150","2355","2442","2255","2652","2456","2563","2552","2508","2593"
"Botas de Legionarius Centuria","Conquistador Botas II","9","Conquistador (Legionarius)","centuria","11","200","3290","3234","3080","3455","3435","3311","3476","3465","3418"
"Botas de Legionarius Centuria","Conquistador Botas II","9","Conquistador (Legionarius)","centuria","11","250","4093","4224","3971","4511","4227","4125","4246","4213","4155"
"Botas de Legionarius Centuria","Conquistador Botas II","9","Conquistador (Legionarius)","centuria","11","500","7965","8679","8206","8383","8561","8349","8184","8294","8324"
"Botas de Legionarius Centuria","Conquistador Botas II","9","Conquistador (Legionarius)","centuria","11","600","9604","10406","9713","10242","10376","9823","9746","10087","9842"
"Botas de Legionarius Centuria","Conquistador Botas II","9","Conquistador (Legionarius)","centuria","11","750","11166","11440","11297","11375","11520","11275","11231","11374","11272"
"Botas de Legionarius Centuria","Conquistador Botas II","9","Conquistador (Legionarius)","centuria","11","900","11573","11990","11847","11925","12070","11825","11781","11924","11822"
"Botas de Legionarius Centuria","Conquistador Botas II","9","Conquistador (Legionarius)","centuria","11","999","11848","12353","12210","12288","12433","12188","12144","12287","12185"
"Botas de Legionarius Cohors","Conquistador Botas I","9","Conquistador (Legionarius)","cohors","10","1","1","0","0","1","134","0","0","0","6"
"Botas de Legionarius Cohors","Conquistador Botas I","9","Conquistador (Legionarius)","cohors","10","5","21","20","50","61","174","40","60","20","36"
"Botas de Legionarius Cohors","Conquistador Botas I","9","Conquistador (Legionarius)","cohors","10","10","71","100","130","151","224","130","120","100","116"
"Botas de Legionarius Cohors","Conquistador Botas I","9","Conquistador (Legionarius)","cohors","10","25","321","350","370","371","424","350","370","350","306"
"Botas de Legionarius Cohors","Conquistador Botas I","9","Conquistador (Legionarius)","cohors","10","50","701","800","810","781","834","710","710","690","726"
"Botas de Legionarius Cohors","Conquistador Botas I","9","Conquistador (Legionarius)","cohors","10","100","1401","1590","1410","1481","1554","1570","1560","1530","1556"
"Botas de Legionarius Cohors","Conquistador Botas I","9","Conquistador (Legionarius)","cohors","10","150","2141","2220","2050","2411","2234","2330","2320","2280","2356"
"Botas de Legionarius Cohors","Conquistador Botas I","9","Conquistador (Legionarius)","cohors","10","200","2991","2940","2800","3141","3124","3010","3160","3150","3106"
"Botas de Legionarius Cohors","Conquistador Botas I","9","Conquistador (Legionarius)","cohors","10","250","3721","3840","3610","4101","3844","3750","3860","3830","3776"
"Botas de Legionarius Cohors","Conquistador Botas I","9","Conquistador (Legionarius)","cohors","10","500","7241","7890","7460","7621","7784","7590","7440","7540","7566"
"Botas de Legionarius Cohors","Conquistador Botas I","9","Conquistador (Legionarius)","cohors","10","600","8731","9460","8830","9311","9434","8930","8860","9170","8946"
"Botas de Legionarius Cohors","Conquistador Botas I","9","Conquistador (Legionarius)","cohors","10","750","10151","10400","10270","10341","10474","10250","10210","10340","10246"
"Botas de Legionarius Cohors","Conquistador Botas I","9","Conquistador (Legionarius)","cohors","10","900","10521","10900","10770","10841","10974","10750","10710","10840","10746"
"Botas de Legionarius Cohors","Conquistador Botas I","9","Conquistador (Legionarius)","cohors","10","999","10771","11230","11100","11171","11304","11080","11040","11170","11076"
"Botas de Legionarius Legio","Conquistador Botas III","9","Conquistador (Legionarius)","legio","12","1","1","0","0","1","159","0","0","0","9"
"Botas de Legionarius Legio","Conquistador Botas III","9","Conquistador (Legionarius)","legio","12","5","25","24","60","73","207","48","72","24","45"
"Botas de Legionarius Legio","Conquistador Botas III","9","Conquistador (Legionarius)","legio","12","10","85","120","156","181","267","156","144","120","141"
"Botas de Legionarius Legio","Conquistador Botas III","9","Conquistador (Legionarius)","legio","12","25","385","420","444","445","507","420","444","420","369"
"Botas de Legionarius Legio","Conquistador Botas III","9","Conquistador (Legionarius)","legio","12","50","841","960","972","937","999","852","852","828","873"
"Botas de Legionarius Legio","Conquistador Botas III","9","Conquistador (Legionarius)","legio","12","100","1681","1908","1692","1777","1863","1884","1872","1836","1869"
"Botas de Legionarius Legio","Conquistador Botas III","9","Conquistador (Legionarius)","legio","12","150","2569","2664","2460","2893","2679","2796","2784","2736","2829"
"Botas de Legionarius Legio","Conquistador Botas III","9","Conquistador (Legionarius)","legio","12","200","3589","3528","3360","3769","3747","3612","3792","3780","3729"
"Botas de Legionarius Legio","Conquistador Botas III","9","Conquistador (Legionarius)","legio","12","250","4465","4608","4332","4921","4611","4500","4632","4596","4533"
"Botas de Legionarius Legio","Conquistador Botas III","9","Conquistador (Legionarius)","legio","12","500","8689","9468","8952","9145","9339","9108","8928","9048","9081"
"Botas de Legionarius Legio","Conquistador Botas III","9","Conquistador (Legionarius)","legio","12","600","10477","11352","10596","11173","11319","10716","10632","11004","10737"
"Botas de Legionarius Legio","Conquistador Botas III","9","Conquistador (Legionarius)","legio","12","750","12181","12480","12324","12409","12567","12300","12252","12408","12297"
"Botas de Legionarius Legio","Conquistador Botas III","9","Conquistador (Legionarius)","legio","12","900","12625","13080","12924","13009","13167","12900","12852","13008","12897"
"Botas de Legionarius Legio","Conquistador Botas III","9","Conquistador (Legionarius)","legio","12","999","12925","13476","13320","13405","13563","13296","13248","13404","13293"
"Casco de Legionarius Centuria","Conquistador Casco II","1","Conquistador (Legionarius)","centuria","11","1","2","0","0","1","0","0","0","0","9"
"Casco de Legionarius Centuria","Conquistador Casco II","1","Conquistador (Legionarius)","centuria","11","5","24","22","55","67","44","44","66","22","42"
"Casco de Legionarius Centuria","Conquistador Casco II","1","Conquistador (Legionarius)","centuria","11","10","79","110","143","166","99","143","132","110","130"
"Casco de Legionarius Centuria","Conquistador Casco II","1","Conquistador (Legionarius)","centuria","11","25","354","385","407","408","319","385","407","385","339"
"Casco de Legionarius Centuria","Conquistador Casco II","1","Conquistador (Legionarius)","centuria","11","50","772","880","891","859","770","781","781","759","801"
"Casco de Legionarius Centuria","Conquistador Casco II","1","Conquistador (Legionarius)","centuria","11","100","1542","1749","1551","1629","1562","1727","1716","1683","1714"
"Casco de Legionarius Centuria","Conquistador Casco II","1","Conquistador (Legionarius)","centuria","11","150","2356","2442","2255","2652","2310","2563","2552","2508","2594"
"Casco de Legionarius Centuria","Conquistador Casco II","1","Conquistador (Legionarius)","centuria","11","200","3291","3234","3080","3455","3289","3311","3476","3465","3419"
"Casco de Legionarius Centuria","Conquistador Casco II","1","Conquistador (Legionarius)","centuria","11","250","4094","4224","3971","4511","4081","4125","4246","4213","4156"
"Casco de Legionarius Centuria","Conquistador Casco II","1","Conquistador (Legionarius)","centuria","11","500","7966","8679","8206","8383","8415","8349","8184","8294","8325"
"Casco de Legionarius Centuria","Conquistador Casco II","1","Conquistador (Legionarius)","centuria","11","600","9605","10406","9713","10242","10230","9823","9746","10087","9843"
"Casco de Legionarius Centuria","Conquistador Casco II","1","Conquistador (Legionarius)","centuria","11","750","11167","11440","11297","11375","11374","11275","11231","11374","11273"
"Casco de Legionarius Centuria","Conquistador Casco II","1","Conquistador (Legionarius)","centuria","11","900","11574","11990","11847","11925","11924","11825","11781","11924","11823"
"Casco de Legionarius Centuria","Conquistador Casco II","1","Conquistador (Legionarius)","centuria","11","999","11849","12353","12210","12288","12287","12188","12144","12287","12186"
"Casco de Legionarius Cohors","Conquistador Casco I","1","Conquistador (Legionarius)","cohors","10","1","1","0","0","1","0","0","0","0","8"
"Casco de Legionarius Cohors","Conquistador Casco I","1","Conquistador (Legionarius)","cohors","10","5","21","20","50","61","40","40","60","20","38"
"Casco de Legionarius Cohors","Conquistador Casco I","1","Conquistador (Legionarius)","cohors","10","10","71","100","130","151","90","130","120","100","118"
"Casco de Legionarius Cohors","Conquistador Casco I","1","Conquistador (Legionarius)","cohors","10","25","321","350","370","371","290","350","370","350","308"
"Casco de Legionarius Cohors","Conquistador Casco I","1","Conquistador (Legionarius)","cohors","10","50","701","800","810","781","700","710","710","690","728"
"Casco de Legionarius Cohors","Conquistador Casco I","1","Conquistador (Legionarius)","cohors","10","100","1401","1590","1410","1481","1420","1570","1560","1530","1558"
"Casco de Legionarius Cohors","Conquistador Casco I","1","Conquistador (Legionarius)","cohors","10","150","2141","2220","2050","2411","2100","2330","2320","2280","2358"
"Casco de Legionarius Cohors","Conquistador Casco I","1","Conquistador (Legionarius)","cohors","10","200","2991","2940","2800","3141","2990","3010","3160","3150","3108"
"Casco de Legionarius Cohors","Conquistador Casco I","1","Conquistador (Legionarius)","cohors","10","250","3721","3840","3610","4101","3710","3750","3860","3830","3778"
"Casco de Legionarius Cohors","Conquistador Casco I","1","Conquistador (Legionarius)","cohors","10","500","7241","7890","7460","7621","7650","7590","7440","7540","7568"
"Casco de Legionarius Cohors","Conquistador Casco I","1","Conquistador (Legionarius)","cohors","10","600","8731","9460","8830","9311","9300","8930","8860","9170","8948"
"Casco de Legionarius Cohors","Conquistador Casco I","1","Conquistador (Legionarius)","cohors","10","750","10151","10400","10270","10341","10340","10250","10210","10340","10248"
"Casco de Legionarius Cohors","Conquistador Casco I","1","Conquistador (Legionarius)","cohors","10","900","10521","10900","10770","10841","10840","10750","10710","10840","10748"
"Casco de Legionarius Cohors","Conquistador Casco I","1","Conquistador (Legionarius)","cohors","10","999","10771","11230","11100","11171","11170","11080","11040","11170","11078"
"Casco de Legionarius Legio","Conquistador Casco III","1","Conquistador (Legionarius)","legio","12","1","2","0","0","1","0","0","0","0","11"
"Casco de Legionarius Legio","Conquistador Casco III","1","Conquistador (Legionarius)","legio","12","5","26","24","60","73","48","48","72","24","47"
"Casco de Legionarius Legio","Conquistador Casco III","1","Conquistador (Legionarius)","legio","12","10","86","120","156","181","108","156","144","120","143"
"Casco de Legionarius Legio","Conquistador Casco III","1","Conquistador (Legionarius)","legio","12","25","386","420","444","445","348","420","444","420","371"
"Casco de Legionarius Legio","Conquistador Casco III","1","Conquistador (Legionarius)","legio","12","50","842","960","972","937","840","852","852","828","875"
"Casco de Legionarius Legio","Conquistador Casco III","1","Conquistador (Legionarius)","legio","12","100","1682","1908","1692","1777","1704","1884","1872","1836","1871"
"Casco de Legionarius Legio","Conquistador Casco III","1","Conquistador (Legionarius)","legio","12","150","2570","2664","2460","2893","2520","2796","2784","2736","2831"
"Casco de Legionarius Legio","Conquistador Casco III","1","Conquistador (Legionarius)","legio","12","200","3590","3528","3360","3769","3588","3612","3792","3780","3731"
"Casco de Legionarius Legio","Conquistador Casco III","1","Conquistador (Legionarius)","legio","12","250","4466","4608","4332","4921","4452","4500","4632","4596","4535"
"Casco de Legionarius Legio","Conquistador Casco III","1","Conquistador (Legionarius)","legio","12","500","8690","9468","8952","9145","9180","9108","8928","9048","9083"
"Casco de Legionarius Legio","Conquistador Casco III","1","Conquistador (Legionarius)","legio","12","600","10478","11352","10596","11173","11160","10716","10632","11004","10739"
"Casco de Legionarius Legio","Conquistador Casco III","1","Conquistador (Legionarius)","legio","12","750","12182","12480","12324","12409","12408","12300","12252","12408","12299"
"Casco de Legionarius Legio","Conquistador Casco III","1","Conquistador (Legionarius)","legio","12","900","12626","13080","12924","13009","13008","12900","12852","13008","12899"
"Casco de Legionarius Legio","Conquistador Casco III","1","Conquistador (Legionarius)","legio","12","999","12926","13476","13320","13405","13404","13296","13248","13404","13295"
"Cintur\xF3n de Legionarius Centuria","Conquistador Cinturon II","7","Conquistador (Legionarius)","centuria","11","1","0","68","1","0","0","0","0","0","4"
"Cintur\xF3n de Legionarius Centuria","Conquistador Cinturon II","7","Conquistador (Legionarius)","centuria","11","5","22","90","56","66","44","44","66","22","37"
"Cintur\xF3n de Legionarius Centuria","Conquistador Cinturon II","7","Conquistador (Legionarius)","centuria","11","10","77","178","144","165","99","143","132","110","125"
"Cintur\xF3n de Legionarius Centuria","Conquistador Cinturon II","7","Conquistador (Legionarius)","centuria","11","25","352","453","408","407","319","385","407","385","334"
"Cintur\xF3n de Legionarius Centuria","Conquistador Cinturon II","7","Conquistador (Legionarius)","centuria","11","50","770","948","892","858","770","781","781","759","796"
"Cintur\xF3n de Legionarius Centuria","Conquistador Cinturon II","7","Conquistador (Legionarius)","centuria","11","100","1540","1817","1552","1628","1562","1727","1716","1683","1709"
"Cintur\xF3n de Legionarius Centuria","Conquistador Cinturon II","7","Conquistador (Legionarius)","centuria","11","150","2354","2510","2256","2651","2310","2563","2552","2508","2589"
"Cintur\xF3n de Legionarius Centuria","Conquistador Cinturon II","7","Conquistador (Legionarius)","centuria","11","200","3289","3302","3081","3454","3289","3311","3476","3465","3414"
"Cintur\xF3n de Legionarius Centuria","Conquistador Cinturon II","7","Conquistador (Legionarius)","centuria","11","250","4092","4292","3972","4510","4081","4125","4246","4213","4151"
"Cintur\xF3n de Legionarius Centuria","Conquistador Cinturon II","7","Conquistador (Legionarius)","centuria","11","500","7964","8747","8207","8382","8415","8349","8184","8294","8320"
"Cintur\xF3n de Legionarius Centuria","Conquistador Cinturon II","7","Conquistador (Legionarius)","centuria","11","600","9603","10474","9714","10241","10230","9823","9746","10087","9838"
"Cintur\xF3n de Legionarius Centuria","Conquistador Cinturon II","7","Conquistador (Legionarius)","centuria","11","750","11165","11508","11298","11374","11374","11275","11231","11374","11268"
"Cintur\xF3n de Legionarius Centuria","Conquistador Cinturon II","7","Conquistador (Legionarius)","centuria","11","900","11572","12058","11848","11924","11924","11825","11781","11924","11818"
"Cintur\xF3n de Legionarius Centuria","Conquistador Cinturon II","7","Conquistador (Legionarius)","centuria","11","999","11847","12421","12211","12287","12287","12188","12144","12287","12181"
"Cintur\xF3n de Legionarius Cohors","Conquistador Cinturon I","7","Conquistador (Legionarius)","cohors","10","1","0","68","1","0","0","0","0","0","3"
"Cintur\xF3n de Legionarius Cohors","Conquistador Cinturon I","7","Conquistador (Legionarius)","cohors","10","5","20","88","51","60","40","40","60","20","33"
"Cintur\xF3n de Legionarius Cohors","Conquistador Cinturon I","7","Conquistador (Legionarius)","cohors","10","10","70","168","131","150","90","130","120","100","113"
"Cintur\xF3n de Legionarius Cohors","Conquistador Cinturon I","7","Conquistador (Legionarius)","cohors","10","25","320","418","371","370","290","350","370","350","303"
"Cintur\xF3n de Legionarius Cohors","Conquistador Cinturon I","7","Conquistador (Legionarius)","cohors","10","50","700","868","811","780","700","710","710","690","723"
"Cintur\xF3n de Legionarius Cohors","Conquistador Cinturon I","7","Conquistador (Legionarius)","cohors","10","100","1400","1658","1411","1480","1420","1570","1560","1530","1553"
"Cintur\xF3n de Legionarius Cohors","Conquistador Cinturon I","7","Conquistador (Legionarius)","cohors","10","150","2140","2288","2051","2410","2100","2330","2320","2280","2353"
"Cintur\xF3n de Legionarius Cohors","Conquistador Cinturon I","7","Conquistador (Legionarius)","cohors","10","200","2990","3008","2801","3140","2990","3010","3160","3150","3103"
"Cintur\xF3n de Legionarius Cohors","Conquistador Cinturon I","7","Conquistador (Legionarius)","cohors","10","250","3720","3908","3611","4100","3710","3750","3860","3830","3773"
"Cintur\xF3n de Legionarius Cohors","Conquistador Cinturon I","7","Conquistador (Legionarius)","cohors","10","500","7240","7958","7461","7620","7650","7590","7440","7540","7563"
"Cintur\xF3n de Legionarius Cohors","Conquistador Cinturon I","7","Conquistador (Legionarius)","cohors","10","600","8730","9528","8831","9310","9300","8930","8860","9170","8943"
"Cintur\xF3n de Legionarius Cohors","Conquistador Cinturon I","7","Conquistador (Legionarius)","cohors","10","750","10150","10468","10271","10340","10340","10250","10210","10340","10243"
"Cintur\xF3n de Legionarius Cohors","Conquistador Cinturon I","7","Conquistador (Legionarius)","cohors","10","900","10520","10968","10771","10840","10840","10750","10710","10840","10743"
"Cintur\xF3n de Legionarius Cohors","Conquistador Cinturon I","7","Conquistador (Legionarius)","cohors","10","999","10770","11298","11101","11170","11170","11080","11040","11170","11073"
"Cintur\xF3n de Legionarius Legio","Conquistador Cinturon III","7","Conquistador (Legionarius)","legio","12","1","0","68","1","0","0","0","0","0","5"
"Cintur\xF3n de Legionarius Legio","Conquistador Cinturon III","7","Conquistador (Legionarius)","legio","12","5","24","92","61","72","48","48","72","24","41"
"Cintur\xF3n de Legionarius Legio","Conquistador Cinturon III","7","Conquistador (Legionarius)","legio","12","10","84","188","157","180","108","156","144","120","137"
"Cintur\xF3n de Legionarius Legio","Conquistador Cinturon III","7","Conquistador (Legionarius)","legio","12","25","384","488","445","444","348","420","444","420","365"
"Cintur\xF3n de Legionarius Legio","Conquistador Cinturon III","7","Conquistador (Legionarius)","legio","12","50","840","1028","973","936","840","852","852","828","869"
"Cintur\xF3n de Legionarius Legio","Conquistador Cinturon III","7","Conquistador (Legionarius)","legio","12","100","1680","1976","1693","1776","1704","1884","1872","1836","1865"
"Cintur\xF3n de Legionarius Legio","Conquistador Cinturon III","7","Conquistador (Legionarius)","legio","12","150","2568","2732","2461","2892","2520","2796","2784","2736","2825"
"Cintur\xF3n de Legionarius Legio","Conquistador Cinturon III","7","Conquistador (Legionarius)","legio","12","200","3588","3596","3361","3768","3588","3612","3792","3780","3725"
"Cintur\xF3n de Legionarius Legio","Conquistador Cinturon III","7","Conquistador (Legionarius)","legio","12","250","4464","4676","4333","4920","4452","4500","4632","4596","4529"
"Cintur\xF3n de Legionarius Legio","Conquistador Cinturon III","7","Conquistador (Legionarius)","legio","12","500","8688","9536","8953","9144","9180","9108","8928","9048","9077"
"Cintur\xF3n de Legionarius Legio","Conquistador Cinturon III","7","Conquistador (Legionarius)","legio","12","600","10476","11420","10597","11172","11160","10716","10632","11004","10733"
"Cintur\xF3n de Legionarius Legio","Conquistador Cinturon III","7","Conquistador (Legionarius)","legio","12","750","12180","12548","12325","12408","12408","12300","12252","12408","12293"
"Cintur\xF3n de Legionarius Legio","Conquistador Cinturon III","7","Conquistador (Legionarius)","legio","12","900","12624","13148","12925","13008","13008","12900","12852","13008","12893"
"Cintur\xF3n de Legionarius Legio","Conquistador Cinturon III","7","Conquistador (Legionarius)","legio","12","999","12924","13544","13321","13404","13404","13296","13248","13404","13289"
"Collar de Legionarius Centuria","Conquistador Collar II","2","Conquistador (Legionarius)","centuria","11","1","1","15","0","1","0","1","108","232","4"
"Collar de Legionarius Centuria","Conquistador Collar II","2","Conquistador (Legionarius)","centuria","11","5","23","37","55","67","44","45","174","254","37"
"Collar de Legionarius Centuria","Conquistador Collar II","2","Conquistador (Legionarius)","centuria","11","10","78","125","143","166","99","144","240","342","125"
"Collar de Legionarius Centuria","Conquistador Collar II","2","Conquistador (Legionarius)","centuria","11","25","353","400","407","408","319","386","515","617","334"
"Collar de Legionarius Centuria","Conquistador Collar II","2","Conquistador (Legionarius)","centuria","11","50","771","895","891","859","770","782","889","991","796"
"Collar de Legionarius Centuria","Conquistador Collar II","2","Conquistador (Legionarius)","centuria","11","100","1541","1764","1551","1629","1562","1728","1824","1915","1709"
"Collar de Legionarius Centuria","Conquistador Collar II","2","Conquistador (Legionarius)","centuria","11","150","2355","2457","2255","2652","2310","2564","2660","2740","2589"
"Collar de Legionarius Centuria","Conquistador Collar II","2","Conquistador (Legionarius)","centuria","11","200","3290","3249","3080","3455","3289","3312","3584","3697","3414"
"Collar de Legionarius Centuria","Conquistador Collar II","2","Conquistador (Legionarius)","centuria","11","250","4093","4239","3971","4511","4081","4126","4354","4445","4151"
"Collar de Legionarius Centuria","Conquistador Collar II","2","Conquistador (Legionarius)","centuria","11","500","7965","8694","8206","8383","8415","8350","8292","8526","8320"
"Collar de Legionarius Centuria","Conquistador Collar II","2","Conquistador (Legionarius)","centuria","11","600","9604","10421","9713","10242","10230","9824","9854","10319","9838"
"Collar de Legionarius Centuria","Conquistador Collar II","2","Conquistador (Legionarius)","centuria","11","750","11166","11455","11297","11375","11374","11276","11339","11606","11268"
"Collar de Legionarius Centuria","Conquistador Collar II","2","Conquistador (Legionarius)","centuria","11","900","11573","12005","11847","11925","11924","11826","11889","12156","11818"
"Collar de Legionarius Centuria","Conquistador Collar II","2","Conquistador (Legionarius)","centuria","11","999","11848","12368","12210","12288","12287","12189","12252","12519","12181"
"Collar de Legionarius Cohors","Conquistador Collar I","2","Conquistador (Legionarius)","cohors","10","1","1","1","0","1","0","1","98","203","3"
"Collar de Legionarius Cohors","Conquistador Collar I","2","Conquistador (Legionarius)","cohors","10","5","21","21","50","61","40","41","158","223","33"
"Collar de Legionarius Cohors","Conquistador Collar I","2","Conquistador (Legionarius)","cohors","10","10","71","101","130","151","90","131","218","303","113"
"Collar de Legionarius Cohors","Conquistador Collar I","2","Conquistador (Legionarius)","cohors","10","25","321","351","370","371","290","351","468","553","303"
"Collar de Legionarius Cohors","Conquistador Collar I","2","Conquistador (Legionarius)","cohors","10","50","701","801","810","781","700","711","808","893","723"
"Collar de Legionarius Cohors","Conquistador Collar I","2","Conquistador (Legionarius)","cohors","10","100","1401","1591","1410","1481","1420","1571","1658","1733","1553"
"Collar de Legionarius Cohors","Conquistador Collar I","2","Conquistador (Legionarius)","cohors","10","150","2141","2221","2050","2411","2100","2331","2418","2483","2353"
"Collar de Legionarius Cohors","Conquistador Collar I","2","Conquistador (Legionarius)","cohors","10","200","2991","2941","2800","3141","2990","3011","3258","3353","3103"
"Collar de Legionarius Cohors","Conquistador Collar I","2","Conquistador (Legionarius)","cohors","10","250","3721","3841","3610","4101","3710","3751","3958","4033","3773"
"Collar de Legionarius Cohors","Conquistador Collar I","2","Conquistador (Legionarius)","cohors","10","500","7241","7891","7460","7621","7650","7591","7538","7743","7563"
"Collar de Legionarius Cohors","Conquistador Collar I","2","Conquistador (Legionarius)","cohors","10","600","8731","9461","8830","9311","9300","8931","8958","9373","8943"
"Collar de Legionarius Cohors","Conquistador Collar I","2","Conquistador (Legionarius)","cohors","10","750","10151","10401","10270","10341","10340","10251","10308","10543","10243"
"Collar de Legionarius Cohors","Conquistador Collar I","2","Conquistador (Legionarius)","cohors","10","900","10521","10901","10770","10841","10840","10751","10808","11043","10743"
"Collar de Legionarius Cohors","Conquistador Collar I","2","Conquistador (Legionarius)","cohors","10","999","10771","11231","11100","11171","11170","11081","11138","11373","11073"
"Collar de Legionarius Legio","Conquistador Collar III","2","Conquistador (Legionarius)","legio","12","1","1","29","0","1","0","1","119","261","5"
"Collar de Legionarius Legio","Conquistador Collar III","2","Conquistador (Legionarius)","legio","12","5","25","53","60","73","48","49","191","285","41"
"Collar de Legionarius Legio","Conquistador Collar III","2","Conquistador (Legionarius)","legio","12","10","85","149","156","181","108","157","263","381","137"
"Collar de Legionarius Legio","Conquistador Collar III","2","Conquistador (Legionarius)","legio","12","25","385","449","444","445","348","421","563","681","365"
"Collar de Legionarius Legio","Conquistador Collar III","2","Conquistador (Legionarius)","legio","12","50","841","989","972","937","840","853","971","1089","869"
"Collar de Legionarius Legio","Conquistador Collar III","2","Conquistador (Legionarius)","legio","12","100","1681","1937","1692","1777","1704","1885","1991","2097","1865"
"Collar de Legionarius Legio","Conquistador Collar III","2","Conquistador (Legionarius)","legio","12","150","2569","2693","2460","2893","2520","2797","2903","2997","2825"
"Collar de Legionarius Legio","Conquistador Collar III","2","Conquistador (Legionarius)","legio","12","200","3589","3557","3360","3769","3588","3613","3911","4041","3725"
"Collar de Legionarius Legio","Conquistador Collar III","2","Conquistador (Legionarius)","legio","12","250","4465","4637","4332","4921","4452","4501","4751","4857","4529"
"Collar de Legionarius Legio","Conquistador Collar III","2","Conquistador (Legionarius)","legio","12","500","8689","9497","8952","9145","9180","9109","9047","9309","9077"
"Collar de Legionarius Legio","Conquistador Collar III","2","Conquistador (Legionarius)","legio","12","600","10477","11381","10596","11173","11160","10717","10751","11265","10733"
"Collar de Legionarius Legio","Conquistador Collar III","2","Conquistador (Legionarius)","legio","12","750","12181","12509","12324","12409","12408","12301","12371","12669","12293"
"Collar de Legionarius Legio","Conquistador Collar III","2","Conquistador (Legionarius)","legio","12","900","12625","13109","12924","13009","13008","12901","12971","13269","12893"
"Collar de Legionarius Legio","Conquistador Collar III","2","Conquistador (Legionarius)","legio","12","999","12925","13505","13320","13405","13404","13297","13367","13665","13289"
"Escudo de Legionarius Centuria","Conquistador Escudo II","5","Conquistador (Legionarius)","centuria","11","1","2","0","0","1","0","0","0","0","0"
"Escudo de Legionarius Centuria","Conquistador Escudo II","5","Conquistador (Legionarius)","centuria","11","5","24","22","55","67","44","44","66","22","33"
"Escudo de Legionarius Centuria","Conquistador Escudo II","5","Conquistador (Legionarius)","centuria","11","10","79","110","143","166","99","143","132","110","121"
"Escudo de Legionarius Centuria","Conquistador Escudo II","5","Conquistador (Legionarius)","centuria","11","25","354","385","407","408","319","385","407","385","330"
"Escudo de Legionarius Centuria","Conquistador Escudo II","5","Conquistador (Legionarius)","centuria","11","50","772","880","891","859","770","781","781","759","792"
"Escudo de Legionarius Centuria","Conquistador Escudo II","5","Conquistador (Legionarius)","centuria","11","100","1542","1749","1551","1629","1562","1727","1716","1683","1705"
"Escudo de Legionarius Centuria","Conquistador Escudo II","5","Conquistador (Legionarius)","centuria","11","150","2356","2442","2255","2652","2310","2563","2552","2508","2585"
"Escudo de Legionarius Centuria","Conquistador Escudo II","5","Conquistador (Legionarius)","centuria","11","200","3291","3234","3080","3455","3289","3311","3476","3465","3410"
"Escudo de Legionarius Centuria","Conquistador Escudo II","5","Conquistador (Legionarius)","centuria","11","250","4094","4224","3971","4511","4081","4125","4246","4213","4147"
"Escudo de Legionarius Centuria","Conquistador Escudo II","5","Conquistador (Legionarius)","centuria","11","500","7966","8679","8206","8383","8415","8349","8184","8294","8316"
"Escudo de Legionarius Centuria","Conquistador Escudo II","5","Conquistador (Legionarius)","centuria","11","600","9605","10406","9713","10242","10230","9823","9746","10087","9834"
"Escudo de Legionarius Centuria","Conquistador Escudo II","5","Conquistador (Legionarius)","centuria","11","750","11167","11440","11297","11375","11374","11275","11231","11374","11264"
"Escudo de Legionarius Centuria","Conquistador Escudo II","5","Conquistador (Legionarius)","centuria","11","900","11574","11990","11847","11925","11924","11825","11781","11924","11814"
"Escudo de Legionarius Centuria","Conquistador Escudo II","5","Conquistador (Legionarius)","centuria","11","999","11849","12353","12210","12288","12287","12188","12144","12287","12177"
"Escudo de Legionarius Cohors","Conquistador Escudo I","5","Conquistador (Legionarius)","cohors","10","1","1","0","0","1","0","0","0","0","0"
"Escudo de Legionarius Cohors","Conquistador Escudo I","5","Conquistador (Legionarius)","cohors","10","5","21","20","50","61","40","40","60","20","30"
"Escudo de Legionarius Cohors","Conquistador Escudo I","5","Conquistador (Legionarius)","cohors","10","10","71","100","130","151","90","130","120","100","110"
"Escudo de Legionarius Cohors","Conquistador Escudo I","5","Conquistador (Legionarius)","cohors","10","25","321","350","370","371","290","350","370","350","300"
"Escudo de Legionarius Cohors","Conquistador Escudo I","5","Conquistador (Legionarius)","cohors","10","50","701","800","810","781","700","710","710","690","720"
"Escudo de Legionarius Cohors","Conquistador Escudo I","5","Conquistador (Legionarius)","cohors","10","100","1401","1590","1410","1481","1420","1570","1560","1530","1550"
"Escudo de Legionarius Cohors","Conquistador Escudo I","5","Conquistador (Legionarius)","cohors","10","150","2141","2220","2050","2411","2100","2330","2320","2280","2350"
"Escudo de Legionarius Cohors","Conquistador Escudo I","5","Conquistador (Legionarius)","cohors","10","200","2991","2940","2800","3141","2990","3010","3160","3150","3100"
"Escudo de Legionarius Cohors","Conquistador Escudo I","5","Conquistador (Legionarius)","cohors","10","250","3721","3840","3610","4101","3710","3750","3860","3830","3770"
"Escudo de Legionarius Cohors","Conquistador Escudo I","5","Conquistador (Legionarius)","cohors","10","500","7241","7890","7460","7621","7650","7590","7440","7540","7560"
"Escudo de Legionarius Cohors","Conquistador Escudo I","5","Conquistador (Legionarius)","cohors","10","600","8731","9460","8830","9311","9300","8930","8860","9170","8940"
"Escudo de Legionarius Cohors","Conquistador Escudo I","5","Conquistador (Legionarius)","cohors","10","750","10151","10400","10270","10341","10340","10250","10210","10340","10240"
"Escudo de Legionarius Cohors","Conquistador Escudo I","5","Conquistador (Legionarius)","cohors","10","900","10521","10900","10770","10841","10840","10750","10710","10840","10740"
"Escudo de Legionarius Cohors","Conquistador Escudo I","5","Conquistador (Legionarius)","cohors","10","999","10771","11230","11100","11171","11170","11080","11040","11170","11070"
"Escudo de Legionarius Legio","Conquistador Escudo III","5","Conquistador (Legionarius)","legio","12","1","2","0","0","2","0","0","0","0","0"
"Escudo de Legionarius Legio","Conquistador Escudo III","5","Conquistador (Legionarius)","legio","12","5","26","24","60","74","48","48","72","24","36"
"Escudo de Legionarius Legio","Conquistador Escudo III","5","Conquistador (Legionarius)","legio","12","10","86","120","156","182","108","156","144","120","132"
"Escudo de Legionarius Legio","Conquistador Escudo III","5","Conquistador (Legionarius)","legio","12","25","386","420","444","446","348","420","444","420","360"
"Escudo de Legionarius Legio","Conquistador Escudo III","5","Conquistador (Legionarius)","legio","12","50","842","960","972","938","840","852","852","828","864"
"Escudo de Legionarius Legio","Conquistador Escudo III","5","Conquistador (Legionarius)","legio","12","100","1682","1908","1692","1778","1704","1884","1872","1836","1860"
"Escudo de Legionarius Legio","Conquistador Escudo III","5","Conquistador (Legionarius)","legio","12","150","2570","2664","2460","2894","2520","2796","2784","2736","2820"
"Escudo de Legionarius Legio","Conquistador Escudo III","5","Conquistador (Legionarius)","legio","12","200","3590","3528","3360","3770","3588","3612","3792","3780","3720"
"Escudo de Legionarius Legio","Conquistador Escudo III","5","Conquistador (Legionarius)","legio","12","250","4466","4608","4332","4922","4452","4500","4632","4596","4524"
"Escudo de Legionarius Legio","Conquistador Escudo III","5","Conquistador (Legionarius)","legio","12","500","8690","9468","8952","9146","9180","9108","8928","9048","9072"
"Escudo de Legionarius Legio","Conquistador Escudo III","5","Conquistador (Legionarius)","legio","12","600","10478","11352","10596","11174","11160","10716","10632","11004","10728"
"Escudo de Legionarius Legio","Conquistador Escudo III","5","Conquistador (Legionarius)","legio","12","750","12182","12480","12324","12410","12408","12300","12252","12408","12288"
"Escudo de Legionarius Legio","Conquistador Escudo III","5","Conquistador (Legionarius)","legio","12","900","12626","13080","12924","13010","13008","12900","12852","13008","12888"
"Escudo de Legionarius Legio","Conquistador Escudo III","5","Conquistador (Legionarius)","legio","12","999","12926","13476","13320","13406","13404","13296","13248","13404","13284"
"Guantes de Legionarius Centuria","Conquistador Guantes II","6","Conquistador (Legionarius)","centuria","11","1","0","0","2","0","271","134","108","30","8"
"Guantes de Legionarius Centuria","Conquistador Guantes II","6","Conquistador (Legionarius)","centuria","11","5","22","22","57","66","315","178","174","52","41"
"Guantes de Legionarius Centuria","Conquistador Guantes II","6","Conquistador (Legionarius)","centuria","11","10","77","110","145","165","370","277","240","140","129"
"Guantes de Legionarius Centuria","Conquistador Guantes II","6","Conquistador (Legionarius)","centuria","11","25","352","385","409","407","590","519","515","415","338"
"Guantes de Legionarius Centuria","Conquistador Guantes II","6","Conquistador (Legionarius)","centuria","11","50","770","880","893","858","1041","915","889","789","800"
"Guantes de Legionarius Centuria","Conquistador Guantes II","6","Conquistador (Legionarius)","centuria","11","100","1540","1749","1553","1628","1833","1861","1824","1713","1713"
"Guantes de Legionarius Centuria","Conquistador Guantes II","6","Conquistador (Legionarius)","centuria","11","150","2354","2442","2257","2651","2581","2697","2660","2538","2593"
"Guantes de Legionarius Centuria","Conquistador Guantes II","6","Conquistador (Legionarius)","centuria","11","200","3289","3234","3082","3454","3560","3445","3584","3495","3418"
"Guantes de Legionarius Centuria","Conquistador Guantes II","6","Conquistador (Legionarius)","centuria","11","250","4092","4224","3973","4510","4352","4259","4354","4243","4155"
"Guantes de Legionarius Centuria","Conquistador Guantes II","6","Conquistador (Legionarius)","centuria","11","500","7964","8679","8208","8382","8686","8483","8292","8324","8324"
"Guantes de Legionarius Centuria","Conquistador Guantes II","6","Conquistador (Legionarius)","centuria","11","600","9603","10406","9715","10241","10501","9957","9854","10117","9842"
"Guantes de Legionarius Centuria","Conquistador Guantes II","6","Conquistador (Legionarius)","centuria","11","750","11165","11440","11299","11374","11645","11409","11339","11404","11272"
"Guantes de Legionarius Centuria","Conquistador Guantes II","6","Conquistador (Legionarius)","centuria","11","900","11572","11990","11849","11924","12195","11959","11889","11954","11822"
"Guantes de Legionarius Centuria","Conquistador Guantes II","6","Conquistador (Legionarius)","centuria","11","999","11847","12353","12212","12287","12558","12322","12252","12317","12185"
"Guantes de Legionarius Cohors","Conquistador Guantes I","6","Conquistador (Legionarius)","cohors","10","1","0","0","1","0","250","90","98","30","6"
"Guantes de Legionarius Cohors","Conquistador Guantes I","6","Conquistador (Legionarius)","cohors","10","5","20","20","51","60","290","130","158","50","36"
"Guantes de Legionarius Cohors","Conquistador Guantes I","6","Conquistador (Legionarius)","cohors","10","10","70","100","131","150","340","220","218","130","116"
"Guantes de Legionarius Cohors","Conquistador Guantes I","6","Conquistador (Legionarius)","cohors","10","25","320","350","371","370","540","440","468","380","306"
"Guantes de Legionarius Cohors","Conquistador Guantes I","6","Conquistador (Legionarius)","cohors","10","50","700","800","811","780","950","800","808","720","726"
"Guantes de Legionarius Cohors","Conquistador Guantes I","6","Conquistador (Legionarius)","cohors","10","100","1400","1590","1411","1480","1670","1660","1658","1560","1556"
"Guantes de Legionarius Cohors","Conquistador Guantes I","6","Conquistador (Legionarius)","cohors","10","150","2140","2220","2051","2410","2350","2420","2418","2310","2356"
"Guantes de Legionarius Cohors","Conquistador Guantes I","6","Conquistador (Legionarius)","cohors","10","200","2990","2940","2801","3140","3240","3100","3258","3180","3106"
"Guantes de Legionarius Cohors","Conquistador Guantes I","6","Conquistador (Legionarius)","cohors","10","250","3720","3840","3611","4100","3960","3840","3958","3860","3776"
"Guantes de Legionarius Cohors","Conquistador Guantes I","6","Conquistador (Legionarius)","cohors","10","500","7240","7890","7461","7620","7900","7680","7538","7570","7566"
"Guantes de Legionarius Cohors","Conquistador Guantes I","6","Conquistador (Legionarius)","cohors","10","600","8730","9460","8831","9310","9550","9020","8958","9200","8946"
"Guantes de Legionarius Cohors","Conquistador Guantes I","6","Conquistador (Legionarius)","cohors","10","750","10150","10400","10271","10340","10590","10340","10308","10370","10246"
"Guantes de Legionarius Cohors","Conquistador Guantes I","6","Conquistador (Legionarius)","cohors","10","900","10520","10900","10771","10840","11090","10840","10808","10870","10746"
"Guantes de Legionarius Cohors","Conquistador Guantes I","6","Conquistador (Legionarius)","cohors","10","999","10770","11230","11101","11170","11420","11170","11138","11200","11076"
"Guantes de Legionarius Legio","Conquistador Guantes III","6","Conquistador (Legionarius)","legio","12","1","0","0","2","0","292","134","119","30","9"
"Guantes de Legionarius Legio","Conquistador Guantes III","6","Conquistador (Legionarius)","legio","12","5","24","24","62","72","340","182","191","54","45"
"Guantes de Legionarius Legio","Conquistador Guantes III","6","Conquistador (Legionarius)","legio","12","10","84","120","158","180","400","290","263","150","141"
"Guantes de Legionarius Legio","Conquistador Guantes III","6","Conquistador (Legionarius)","legio","12","25","384","420","446","444","640","554","563","450","369"
"Guantes de Legionarius Legio","Conquistador Guantes III","6","Conquistador (Legionarius)","legio","12","50","840","960","974","936","1132","986","971","858","873"
"Guantes de Legionarius Legio","Conquistador Guantes III","6","Conquistador (Legionarius)","legio","12","100","1680","1908","1694","1776","1996","2018","1991","1866","1869"
"Guantes de Legionarius Legio","Conquistador Guantes III","6","Conquistador (Legionarius)","legio","12","150","2568","2664","2462","2892","2812","2930","2903","2766","2829"
"Guantes de Legionarius Legio","Conquistador Guantes III","6","Conquistador (Legionarius)","legio","12","200","3588","3528","3362","3768","3880","3746","3911","3810","3729"
"Guantes de Legionarius Legio","Conquistador Guantes III","6","Conquistador (Legionarius)","legio","12","250","4464","4608","4334","4920","4744","4634","4751","4626","4533"
"Guantes de Legionarius Legio","Conquistador Guantes III","6","Conquistador (Legionarius)","legio","12","500","8688","9468","8954","9144","9472","9242","9047","9078","9081"
"Guantes de Legionarius Legio","Conquistador Guantes III","6","Conquistador (Legionarius)","legio","12","600","10476","11352","10598","11172","11452","10850","10751","11034","10737"
"Guantes de Legionarius Legio","Conquistador Guantes III","6","Conquistador (Legionarius)","legio","12","750","12180","12480","12326","12408","12700","12434","12371","12438","12297"
"Guantes de Legionarius Legio","Conquistador Guantes III","6","Conquistador (Legionarius)","legio","12","900","12624","13080","12926","13008","13300","13034","12971","13038","12897"
"Guantes de Legionarius Legio","Conquistador Guantes III","6","Conquistador (Legionarius)","legio","12","999","12924","13476","13322","13404","13696","13430","13367","13434","13293"
"Montura de Legionarius Centuria","Conquistador Montura II","0","Conquistador (Legionarius)","centuria","11","1","2","0","2","1","0","0","0","117","0"
"Montura de Legionarius Centuria","Conquistador Montura II","0","Conquistador (Legionarius)","centuria","11","5","24","22","57","67","44","44","66","139","33"
"Montura de Legionarius Centuria","Conquistador Montura II","0","Conquistador (Legionarius)","centuria","11","10","79","110","145","166","99","143","132","227","121"
"Montura de Legionarius Centuria","Conquistador Montura II","0","Conquistador (Legionarius)","centuria","11","25","354","385","409","408","319","385","407","502","330"
"Montura de Legionarius Centuria","Conquistador Montura II","0","Conquistador (Legionarius)","centuria","11","50","772","880","893","859","770","781","781","876","792"
"Montura de Legionarius Centuria","Conquistador Montura II","0","Conquistador (Legionarius)","centuria","11","100","1542","1749","1553","1629","1562","1727","1716","1800","1705"
"Montura de Legionarius Centuria","Conquistador Montura II","0","Conquistador (Legionarius)","centuria","11","150","2356","2442","2257","2652","2310","2563","2552","2625","2585"
"Montura de Legionarius Centuria","Conquistador Montura II","0","Conquistador (Legionarius)","centuria","11","200","3291","3234","3082","3455","3289","3311","3476","3582","3410"
"Montura de Legionarius Centuria","Conquistador Montura II","0","Conquistador (Legionarius)","centuria","11","250","4094","4224","3973","4511","4081","4125","4246","4330","4147"
"Montura de Legionarius Centuria","Conquistador Montura II","0","Conquistador (Legionarius)","centuria","11","500","7966","8679","8208","8383","8415","8349","8184","8411","8316"
"Montura de Legionarius Centuria","Conquistador Montura II","0","Conquistador (Legionarius)","centuria","11","600","9605","10406","9715","10242","10230","9823","9746","10204","9834"
"Montura de Legionarius Centuria","Conquistador Montura II","0","Conquistador (Legionarius)","centuria","11","750","11167","11440","11299","11375","11374","11275","11231","11491","11264"
"Montura de Legionarius Centuria","Conquistador Montura II","0","Conquistador (Legionarius)","centuria","11","900","11574","11990","11849","11925","11924","11825","11781","12041","11814"
"Montura de Legionarius Centuria","Conquistador Montura II","0","Conquistador (Legionarius)","centuria","11","999","11849","12353","12212","12288","12287","12188","12144","12404","12177"
"Montura de Legionarius Cohors","Conquistador Montura I","0","Conquistador (Legionarius)","cohors","10","1","1","0","1","1","0","0","0","88","0"
"Montura de Legionarius Cohors","Conquistador Montura I","0","Conquistador (Legionarius)","cohors","10","5","21","20","51","61","40","40","60","108","30"
"Montura de Legionarius Cohors","Conquistador Montura I","0","Conquistador (Legionarius)","cohors","10","10","71","100","131","151","90","130","120","188","110"
"Montura de Legionarius Cohors","Conquistador Montura I","0","Conquistador (Legionarius)","cohors","10","25","321","350","371","371","290","350","370","438","300"
"Montura de Legionarius Cohors","Conquistador Montura I","0","Conquistador (Legionarius)","cohors","10","50","701","800","811","781","700","710","710","778","720"
"Montura de Legionarius Cohors","Conquistador Montura I","0","Conquistador (Legionarius)","cohors","10","100","1401","1590","1411","1481","1420","1570","1560","1618","1550"
"Montura de Legionarius Cohors","Conquistador Montura I","0","Conquistador (Legionarius)","cohors","10","150","2141","2220","2051","2411","2100","2330","2320","2368","2350"
"Montura de Legionarius Cohors","Conquistador Montura I","0","Conquistador (Legionarius)","cohors","10","200","2991","2940","2801","3141","2990","3010","3160","3238","3100"
"Montura de Legionarius Cohors","Conquistador Montura I","0","Conquistador (Legionarius)","cohors","10","250","3721","3840","3611","4101","3710","3750","3860","3918","3770"
"Montura de Legionarius Cohors","Conquistador Montura I","0","Conquistador (Legionarius)","cohors","10","500","7241","7890","7461","7621","7650","7590","7440","7628","7560"
"Montura de Legionarius Cohors","Conquistador Montura I","0","Conquistador (Legionarius)","cohors","10","600","8731","9460","8831","9311","9300","8930","8860","9258","8940"
"Montura de Legionarius Cohors","Conquistador Montura I","0","Conquistador (Legionarius)","cohors","10","750","10151","10400","10271","10341","10340","10250","10210","10428","10240"
"Montura de Legionarius Cohors","Conquistador Montura I","0","Conquistador (Legionarius)","cohors","10","900","10521","10900","10771","10841","10840","10750","10710","10928","10740"
"Montura de Legionarius Cohors","Conquistador Montura I","0","Conquistador (Legionarius)","cohors","10","999","10771","11230","11101","11171","11170","11080","11040","11258","11070"
"Montura de Legionarius Legio","Conquistador Montura III","0","Conquistador (Legionarius)","legio","12","1","2","0","2","1","0","0","0","117","0"
"Montura de Legionarius Legio","Conquistador Montura III","0","Conquistador (Legionarius)","legio","12","5","26","24","62","73","48","48","72","141","36"
"Montura de Legionarius Legio","Conquistador Montura III","0","Conquistador (Legionarius)","legio","12","10","86","120","158","181","108","156","144","237","132"
"Montura de Legionarius Legio","Conquistador Montura III","0","Conquistador (Legionarius)","legio","12","25","386","420","446","445","348","420","444","537","360"
"Montura de Legionarius Legio","Conquistador Montura III","0","Conquistador (Legionarius)","legio","12","50","842","960","974","937","840","852","852","945","864"
"Montura de Legionarius Legio","Conquistador Montura III","0","Conquistador (Legionarius)","legio","12","100","1682","1908","1694","1777","1704","1884","1872","1953","1860"
"Montura de Legionarius Legio","Conquistador Montura III","0","Conquistador (Legionarius)","legio","12","150","2570","2664","2462","2893","2520","2796","2784","2853","2820"
"Montura de Legionarius Legio","Conquistador Montura III","0","Conquistador (Legionarius)","legio","12","200","3590","3528","3362","3769","3588","3612","3792","3897","3720"
"Montura de Legionarius Legio","Conquistador Montura III","0","Conquistador (Legionarius)","legio","12","250","4466","4608","4334","4921","4452","4500","4632","4713","4524"
"Montura de Legionarius Legio","Conquistador Montura III","0","Conquistador (Legionarius)","legio","12","500","8690","9468","8954","9145","9180","9108","8928","9165","9072"
"Montura de Legionarius Legio","Conquistador Montura III","0","Conquistador (Legionarius)","legio","12","600","10478","11352","10598","11173","11160","10716","10632","11121","10728"
"Montura de Legionarius Legio","Conquistador Montura III","0","Conquistador (Legionarius)","legio","12","750","12182","12480","12326","12409","12408","12300","12252","12525","12288"
"Montura de Legionarius Legio","Conquistador Montura III","0","Conquistador (Legionarius)","legio","12","900","12626","13080","12926","13009","13008","12900","12852","13125","12888"
"Montura de Legionarius Legio","Conquistador Montura III","0","Conquistador (Legionarius)","legio","12","999","12926","13476","13322","13405","13404","13296","13248","13521","13284"
