"Level","hp_bonus","mana_bonus","ataque_bonus","defensa_bonus","velocidadAtaque_bonus","ataqueCritico_bonus","danoCritico_bonus","suerte_bonus","destreza_bonus"
"1","0","0","0","0","0","0","0","0","0"
"2","0","0","1","2","0","1","3","0","1"
"3","1","1","3","5","1","2","5","1","1"
"4","1","2","4","5","4","3","6","2","2"
"5","2","2","5","6","4","4","6","2","3"
"6","2","3","8","8","5","7","7","2","4"
"7","2","4","8","8","5","8","9","3","5"
"8","4","7","10","11","6","11","10","6","6"
"9","7","9","10","14","7","11","11","8","9"
"10","7","10","13","15","9","13","12","10","11"
"11","9","10","14","18","9","16","14","10","14"
"12","10","13","14","20","10","18","16","10","14"
"13","13","13","16","22","13","18","16","13","17"
"14","13","15","17","22","13","19","19","16","17"
"15","16","16","20","22","13","21","22","18","17"
"16","19","16","20","23","15","24","25","18","20"
"17","22","16","20","25","15","24","25","21","22"
"18","23","17","21","26","18","25","27","24","23"
"19","23","20","24","28","21","27","28","25","25"
"20","24","23","27","30","21","30","30","28","25"
"21","27","25","27","31","24","31","33","30","28"
"22","27","27","30","31","26","32","33","33","28"
"23","28","30","33","34","27","34","36","33","30"
"24","30","33","34","35","29","34","36","33","30"
"25","32","35","37","37","29","35","37","35","30"
"26","35","35","38","39","32","36","40","36","31"
"27","35","38","41","39","34","37","40","37","32"
"28","36","39","42","41","34","39","41","38","35"
"29","39","42","44","42","37","39","41","40","36"
"30","40","42","46","44","39","40","44","40","36"
"31","43","42","47","44","41","42","45","40","39"
"32","45","44","50","46","44","42","46","43","42"
"33","48","44","51","49","47","42","47","43","44"
"34","49","47","53","52","48","44","49","44","44"
"35","50","49","56","52","49","46","51","46","45"
"36","50","51","58","52","49","49","51","46","47"
"37","53","54","61","53","52","51","51","48","49"
"38","54","57","64","53","55","54","54","49","51"
"39","55","59","65","54","55","56","54","50","52"
"40","57","62","66","54","56","57","54","52","55"
"41","57","65","67","56","57","58","55","55","55"
"42","59","67","70","59","57","58","55","57","56"
"43","59","67","71","61","60","60","58","57","57"
"44","60","70","72","63","61","61","61","57","60"
"45","63","71","73","66","64","61","62","60","63"
"46","66","72","76","69","66","62","64","63","63"
"47","68","75","79","71","67","62","66","65","66"
"48","70","77","79","72","70","65","69","67","68"
"49","70","80","80","75","70","68","70","69","71"
"50","70","80","81","78","70","71","71","69","72"
"51","70","82","81","81","72","74","74","71","74"
"52","71","84","81","84","74","74","76","74","77"
"53","74","85","83","87","77","74","78","76","80"
"54","74","87","84","88","79","75","80","79","81"
"55","77","89","87","88","82","76","83","79","81"
"56","80","89","88","88","83","79","84","81","83"
"57","82","90","91","89","83","79","86","82","86"
"58","82","92","92","90","83","82","87","83","88"
"59","82","94","94","91","85","84","90","84","91"
"60","84","96","96","93","88","87","90","85","93"
"61","87","99","96","95","91","90","90","87","95"
"62","87","100","97","98","92","90","93","87","97"
"63","87","100","97","98","93","91","96","89","99"
"64","90","103","98","98","96","94","97","92","101"
"65","93","103","98","100","98","94","98","94","103"
"66","93","104","100","101","100","94","100","96","103"
"67","96","104","100","101","101","97","103","97","105"
"68","98","107","100","102","102","99","103","100","106"
"69","100","110","101","104","102","99","104","102","109"
"70","101","110","101","106","105","101","107","102","109"
"71","103","112","104","108","105","103","110","103","110"
"72","103","112","105","109","106","106","112","103","112"
"73","104","112","107","111","109","108","114","106","115"
"74","106","113","110","114","109","109","117","109","115"
"75","107","115","113","116","109","112","120","110","116"
"76","108","118","114","116","110","115","121","112","118"
"77","108","121","115","116","113","116","123","114","120"
"78","110","122","117","119","114","118","126","115","123"
"79","110","122","120","120","115","121","127","116","123"
"80","112","125","123","122","115","124","127","119","125"
"81","113","125","124","125","118","127","128","119","125"
"82","113","126","124","127","118","129","129","122","125"
"83","114","129","124","127","120","129","130","123","126"
"84","115","129","126","127","120","132","130","126","127"
"85","118","129","128","128","121","135","133","127","128"
"86","120","131","129","131","124","136","135","129","129"
"87","121","133","130","132","124","139","137","129","132"
"88","122","134","131","134","126","141","137","132","134"
"89","125","137","131","134","126","142","139","134","136"
"90","126","139","132","137","128","144","142","135","136"
"91","128","141","132","137","128","145","143","135","137"
"92","130","144","132","139","130","145","146","138","138"
"93","132","144","134","139","132","148","146","139","141"
"94","134","144","134","140","132","148","148","142","142"
"95","135","147","136","140","134","151","151","145","143"
"96","136","150","136","141","134","151","151","146","146"
"97","136","152","137","143","137","151","153","147","148"
"98","137","153","139","144","137","154","154","150","150"
"99","137","156","141","147","139","155","156","153","153"
"100","140","159","141","148","142","157","156","153","155"
"101","143","159","141","150","143","157","157","154","158"
"102","143","162","143","153","143","160","158","155","158"
"103","145","163","145","156","144","160","161","158","160"
"104","145","164","146","159","146","163","163","159","161"
"105","146","164","147","162","149","163","164","162","161"
"106","146","164","148","164","149","163","167","165","164"
"107","149","167","148","164","150","166","170","165","167"
"108","150","168","148","164","152","169","170","167","169"
"109","151","170","151","166","155","170","171","170","172"
"110","154","170","152","169","155","171","172","173","173"
"111","154","173","154","170","156","173","173","175","176"
"112","156","174","155","172","159","174","173","175","179"
"113","158","174","156","175","162","174","176","176","180"
"114","159","175","158","177","163","174","178","179","180"
"115","160","176","160","180","165","175","179","179","182"
"116","160","179","161","181","166","178","179","179","183"
"117","163","180","164","183","168","181","179","180","186"
"118","163","182","165","183","170","182","181","182","186"
"119","164","183","168","185","171","182","184","184","187"
"120","165","186","169","188","172","185","186","185","188"
"121","168","187","172","190","172","188","187","186","191"
"122","168","188","172","193","174","189","187","187","192"
"123","170","189","173","194","175","189","190","187","193"
"124","173","189","174","194","177","190","190","190","195"
"125","174","190","176","196","180","193","191","191","198"
"126","174","191","177","198","181","195","194","192","201"
"127","177","191","178","199","181","198","196","192","203"
"128","178","193","178","201","181","200","196","193","204"
"129","178","193","180","203","184","200","198","195","207"
"130","178","193","181","206","184","200","200","196","209"
"131","180","194","181","207","186","202","200","198","210"
"132","183","196","181","210","189","204","203","198","211"
"133","186","196","183","211","189","204","204","200","214"
"134","186","197","185","214","189","207","206","203","214"
"135","188","200","188","214","190","209","209","204","216"
"136","190","202","188","216","192","209","210","205","216"
"137","190","202","190","218","192","211","211","206","218"
"138","193","204","191","221","195","211","213","209","218"
"139","195","207","191","224","196","213","215","211","220"
"140","198","207","193","224","197","216","215","212","223"
"141","199","209","195","226","199","219","217","214","225"
"142","200","211","195","229","199","222","217","217","226"
"143","203","213","198","230","199","223","220","217","226"
"144","203","213","198","230","202","226","220","218","227"
"145","205","214","198","230","202","227","222","220","228"
"146","207","215","200","233","203","228","224","222","229"
"147","209","218","203","233","205","229","227","223","231"
"148","211","221","203","235","208","231","228","225","232"
"149","214","222","203","238","208","231","229","225","234"
"150","214","222","205","241","210","233","232","228","235"
"151","215","223","205","241","212","236","234","229","237"
"152","216","226","205","242","214","239","234","229","239"
"153","219","228","208","243","217","241","235","229","241"
"154","219","229","211","246","217","242","238","231","241"
"155","222","232","214","246","218","244","241","234","242"
"156","225","235","214","246","219","247","241","235","245"
"157","228","237","215","249","222","247","244","238","248"
"158","228","237","218","252","224","248","245","241","251"
"159","230","238","220","254","225","250","248","244","251"
"160","232","240","221","256","225","251","248","247","254"
"161","235","240","223","257","228","253","248","249","256"
"162","238","240","226","258","228","253","249","252","258"
"163","240","241","227","260","230","253","252","253","258"
"164","241","241","228","263","232","256","255","254","260"
"165","242","241","228","263","235","257","256","255","260"
"166","245","242","228","265","238","257","258","258","260"
"167","248","243","231","265","239","260","261","260","262"
"168","250","245","231","266","241","263","262","261","263"
"169","253","246","234","268","243","263","263","264","264"
"170","254","248","237","269","244","264","266","265","264"
"171","257","251","239","269","246","265","267","267","264"
"172","259","252","242","270","249","265","267","269","265"
"173","259","254","243","272","249","265","269","271","268"
"174","262","255","244","275","250","266","271","271","268"
"175","263","256","245","277","251","266","274","273","271"
"176","265","257","245","279","253","266","274","274","274"
"177","267","260","247","282","256","269","274","276","274"
"178","268","261","247","285","258","271","276","279","274"
"179","269","262","249","286","258","272","278","279","276"
"180","270","264","251","289","259","274","279","281","278"
"181","273","267","251","291","261","277","279","284","279"
"182","274","269","251","293","263","277","282","285","280"
"183","275","271","254","293","266","278","285","286","281"
"184","275","273","257","293","267","278","286","288","282"
"185","278","273","260","295","270","281","288","289","283"
"186","280","273","262","297","270","281","290","291","284"
"187","282","276","262","298","273","282","293","293","286"
"188","284","278","262","299","274","283","294","295","288"
"189","285","278","263","301","274","284","296","295","289"
"190","285","278","266","302","275","285","298","295","289"
"191","285","280","266","302","276","286","300","298","292"
"192","286","282","267","302","279","289","301","298","293"
"193","289","282","267","305","282","290","303","301","296"
"194","291","284","269","305","285","290","305","304","296"
"195","291","287","270","308","287","293","308","307","299"
"196","293","289","272","309","290","296","309","308","301"
"197","296","289","272","312","292","296","311","309","304"
"198","296","290","274","312","295","296","312","312","304"
"199","296","293","277","313","297","298","315","313","307"
"200","299","294","280","314","299","301","316","315","310"
"201","301","297","283","317","301","302","316","317","312"
"202","301","299","285","319","302","302","317","319","312"
"203","303","302","286","322","304","304","319","319","313"
"204","303","305","288","322","305","305","320","320","316"
"205","306","306","290","323","306","305","322","322","316"
"206","309","308","292","324","306","308","323","325","316"
"207","312","311","295","324","308","308","323","325","317"
"208","314","314","295","325","310","310","323","326","318"
"209","316","314","297","327","310","311","325","328","320"
"210","316","316","300","330","312","312","327","331","322"
"211","316","318","303","330","312","313","330","331","324"
"212","318","321","304","333","313","316","330","332","326"
"213","320","323","305","334","316","318","332","333","328"
"214","321","324","306","337","317","320","334","334","331"
"215","321","326","308","337","320","323","336","336","331"
"216","324","326","309","337","322","326","338","336","333"
"217","327","328","310","340","325","326","340","339","335"
"218","329","330","312","341","325","328","342","342","336"
"219","332","331","315","343","326","330","344","342","339"
"220","332","334","317","344","328","332","344","345","342"
"221","333","337","320","346","330","333","345","345","345"
"222","333","338","321","347","333","334","346","346","346"
"223","334","341","322","350","334","334","349","346","347"
"224","336","343","324","350","337","336","349","346","349"
"225","337","345","324","353","339","336","352","348","352"
"226","337","348","327","356","339","338","353","350","352"
"227","338","348","330","358","341","340","353","353","353"
"228","340","348","330","360","342","343","356","355","353"
"229","342","350","330","362","345","343","356","357","354"
"230","343","350","333","365","345","343","358","359","355"
"231","344","350","336","365","347","344","359","360","356"
"232","345","353","339","368","350","347","360","360","359"
"233","348","354","340","371","352","349","360","362","359"
"234","348","355","341","374","353","350","360","364","359"
"235","351","358","341","375","355","352","361","366","360"
"236","351","361","342","378","355","354","361","367","360"
"237","353","364","342","381","356","356","361","367","363"
"238","356","366","344","381","358","357","363","370","363"
"239","357","368","346","383","360","360","366","370","363"
"240","360","370","347","386","360","360","368","371","364"
"241","363","370","348","389","362","360","369","373","367"
"242","365","370","350","392","364","362","372","376","368"
"243","365","372","351","395","364","363","375","376","369"
"244","368","372","351","398","366","366","375","377","370"
"245","368","372","352","401","367","367","377","377","373"
"246","368","374","353","404","367","369","377","380","373"
"247","370","376","355","404","369","372","380","380","375"
"248","370","378","358","405","370","372","383","380","375"
"249","371","381","359","407","371","375","384","383","377"
"250","372","384","361","410","371","375","386","383","377"
"251","374","387","362","410","371","378","389","385","378"
"252","374","387","365","411","373","379","389","387","381"
"253","376","390","366","412","373","382","389","390","384"
"254","377","391","367","414","374","383","390","393","384"
"255","380","393","370","416","375","385","391","394","385"
"256","382","396","370","419","375","386","393","395","388"
"257","384","396","373","421","378","387","396","397","391"
"258","384","397","374","424","380","388","397","399","393"
"259","384","397","377","426","382","391","399","401","395"
"260","386","400","378","428","384","394","401","402","395"
"261","389","400","379","430","387","397","401","404","395"
"262","389","400","382","431","387","400","401","407","397"
"263","390","403","385","431","388","402","404","407","397"
"264","392","404","385","432","391","404","404","407","399"
"265","393","406","386","435","394","406","405","409","401"
"266","394","409","388","437","394","407","406","410","403"
"267","396","412","390","437","395","407","407","412","406"
"268","396","412","392","438","395","409","407","413","407"
"269","397","414","394","441","395","409","407","414","407"
"270","397","417","397","444","396","412","408","417","408"
"271","400","419","400","446","398","414","411","419","411"
"272","402","419","400","446","399","417","411","420","413"
"273","403","420","401","446","402","417","412","422","416"
"274","403","422","403","448","402","420","415","425","416"
"275","404","425","406","448","403","422","415","425","417"
"276","405","425","406","451","405","425","418","427","420"
"277","406","426","409","451","407","425","420","428","423"
"278","409","429","412","452","408","428","421","429","423"
"279","410","430","413","452","409","431","424","429","426"
"280","412","433","413","453","410","434","424","431","427"
"281","413","433","413","454","413","434","425","431","430"
"282","413","434","415","457","416","435","427","433","433"
"283","414","436","415","457","418","436","430","434","433"
"284","417","438","415","457","419","438","431","435","434"
"285","418","440","416","458","420","438","431","438","437"
"286","421","443","419","459","420","438","432","439","439"
"287","421","443","422","459","420","441","434","439","442"
"288","423","443","424","459","422","442","434","440","445"
"289","426","445","426","461","422","442","436","440","445"
"290","426","447","426","464","425","444","438","443","446"
"291","427","450","429","464","427","445","441","443","447"
"292","429","452","431","465","429","447","441","444","449"
"293","432","454","432","466","431","447","441","447","452"
"294","432","455","433","466","433","447","443","449","452"
"295","433","458","433","468","436","449","445","450","452"
"296","433","459","435","470","436","450","446","451","453"
"297","433","460","438","472","438","452","447","452","453"
"298","436","462","441","473","439","452","448","455","454"
"299","438","463","443","473","441","454","451","455","455"
"300","438","464","445","475","443","454","453","455","457"
"301","441","464","446","477","446","454","454","458","459"
"302","441","467","446","479","448","455","456","461","460"
"303","443","469","448","479","449","458","457","464","460"
"304","445","472","450","480","449","461","457","466","461"
"305","447","472","453","481","452","464","459","469","463"
"306","447","474","453","482","455","465","461","472","463"
"307","448","476","454","482","455","467","464","474","464"
"308","448","479","457","483","457","467","467","476","464"
"309","450","482","459","483","460","467","469","478","466"
"310","452","484","461","486","461","470","470","478","469"
"311","453","484","464","488","462","473","470","478","470"
"312","454","484","466","488","463","475","470","480","472"
"313","456","485","467","489","465","477","472","481","475"
"314","456","485","468","489","466","479","472","483","476"
"315","457","487","468","492","468","481","475","483","478"
"316","460","489","468","495","470","481","475","485","480"
"317","462","491","469","497","473","483","478","485","483"
"318","463","492","471","500","473","484","480","487","484"
"319","463","492","473","500","475","485","483","487","487"
"320","464","495","475","501","475","488","483","490","487"
"321","467","495","475","504","478","491","486","491","490"
"322","470","496","477","505","481","492","488","494","492"
"323","470","499","478","506","484","495","491","494","493"
"324","473","502","480","506","487","498","492","496","495"
"325","475","503","482","506","487","499","495","496","498"
"326","475","506","485","509","487","500","495","497","499"
"327","477","508","488","509","488","502","495","498","500"
"328","477","511","490","511","491","504","496","499","501"
"329","480","511","491","512","494","505","498","501","502"
"330","482","514","492","514","497","507","499","504","505"
"331","482","517","493","514","499","507","499","505","508"
"332","482","520","496","514","499","509","499","505","509"
"333","485","523","497","515","502","509","501","505","512"
"334","486","523","497","518","505","510","504","507","512"
"335","488","524","498","520","505","510","507","507","514"
"336","491","525","498","521","508","513","508","509","516"
"337","491","528","498","521","509","516","510","509","519"
"338","491","529","499","524","512","516","510","512","522"
"339","491","531","500","527","513","517","510","512","524"
"340","494","534","501","528","513","520","512","512","525"
"341","495","534","501","528","516","520","512","515","526"
"342","495","535","502","528","516","522","513","517","527"
"343","495","535","505","529","518","522","514","519","529"
"344","496","537","508","529","520","523","516","520","531"
"345","499","537","508","532","521","523","517","522","533"
"346","502","539","511","533","522","523","518","525","533"
"347","502","540","514","535","525","525","519","525","534"
"348","503","543","517","538","527","528","520","527","536"
"349","506","545","517","539","529","528","521","527","537"
"350","507","545","520","542","529","530","523","530","537"
"351","507","545","523","543","530","531","526","532","540"
"352","509","547","523","544","532","532","527","535","540"
"353","510","547","524","545","534","532","528","535","543"
"354","513","547","525","547","535","532","529","538","544"
"355","513","550","527","548","537","534","532","539","544"
"356","514","553","529","549","538","536","532","542","547"
"357","517","555","530","550","541","539","532","542","549"
"358","518","558","530","553","542","540","533","545","551"
"359","520","561","530","556","544","540","535","547","552"
"360","522","563","532","558","547","543","536","547","554"
"361","522","565","534","560","550","544","538","548","554"
"362","523","566","535","563","551","546","539","548","554"
"363","524","568","538","564","553","549","540","551","556"
"364","527","570","540","567","556","552","543","552","557"
"365","530","572","541","569","556","552","545","554","557"
"366","533","574","542","571","556","552","545","554","557"
"367","533","575","542","573","557","555","547","555","558"
"368","535","578","545","574","559","557","547","555","558"
"369","535","578","548","576","561","557","549","557","561"
"370","535","580","550","579","561","560","552","560","561"
"371","537","580","551","582","564","563","555","561","562"
"372","537","583","552","583","566","566","555","561","565"
"373","539","583","553","585","569","566","555","564","568"
"374","539","583","553","588","570","567","556","565","568"
"375","540","586","556","589","573","567","559","565","569"
"376","540","587","557","589","575","569","559","565","569"
"377","542","587","558","591","578","571","561","568","572"
"378","543","588","559","593","578","571","562","571","572"
"379","544","589","562","594","579","571","563","571","574"
"380","545","592","563","594","581","574","563","573","574"
"381","548","595","565","597","584","575","564","575","576"
"382","548","596","565","600","584","575","566","576","576"
"383","549","596","568","602","587","575","569","576","579"
"384","550","598","570","603","589","576","569","577","581"
"385","550","599","572","604","590","576","571","578","581"
"386","552","600","575","604","590","579","574","578","581"
"387","552","603","578","606","593","582","577","578","582"
"388","553","606","579","607","595","585","577","580","584"
"389","556","607","581","610","597","586","577","582","585"
"390","557","607","582","610","600","588","579","585","587"
"391","558","610","585","612","601","589","579","586","590"
"392","559","612","585","613","602","591","581","587","590"
"393","562","613","586","615","605","592","582","589","593"
"394","565","614","586","616","608","594","582","589","595"
"395","566","614","588","616","610","595","585","590","597"
"396","569","615","588","618","612","596","585","590","600"
"397","571","615","588","621","615","597","588","591","603"
"398","571","617","589","621","615","599","590","593","606"
"399","571","617","591","622","616","600","591","595","607"
"400","574","619","591","623","618","603","593","596","609"
"401","576","619","593","625","621","603","594","599","612"
"402","576","620","594","627","621","606","596","599","615"
"403","577","622","597","630","621","608","597","600","616"
"404","578","625","599","633","622","610","597","602","618"
"405","581","626","602","634","623","612","599","602","619"
"406","582","629","604","634","626","612","601","604","619"
"407","585","630","604","637","628","615","602","606","619"
"408","587","633","605","637","629","618","605","609","620"
"409","588","633","606","639","630","621","607","609","622"
"410","589","633","606","640","630","624","607","612","625"
"411","590","636","606","640","632","625","610","612","628"
"412","592","639","609","641","632","625","610","614","629"
"413","594","639","610","641","635","627","612","614","631"
"414","597","640","610","643","637","628","614","615","631"
"415","597","642","610","644","637","630","617","615","632"
"416","599","644","611","646","637","632","617","617","635"
"417","601","644","612","647","640","633","618","618","638"
"418","603","645","612","650","642","633","620","619","641"
"419","604","646","615","650","643","636","622","621","644"
"420","607","649","617","651","646","636","622","622","644"
"421","609","649","617","653","646","638","622","624","644"
"422","609","651","617","655","647","639","624","627","645"
"423","610","654","619","656","648","642","626","628","648"
"424","613","657","619","657","650","643","628","629","650"
"425","614","658","619","660","652","643","628","629","651"
"426","615","660","620","661","654","645","628","632","651"
"427","617","662","622","664","654","645","630","633","652"
"428","619","664","622","664","655","648","631","635","655"
"429","621","665","624","665","658","651","632","636","658"
"430","621","668","627","668","660","653","634","639","658"
"431","622","668","629","669","662","655","635","641","658"
"432","624","671","629","670","663","656","635","643","661"
"433","624","671","630","670","665","658","636","644","664"
"434","624","673","631","672","665","658","638","647","667"
"435","626","676","634","674","667","658","639","648","670"
"436","626","678","635","677","667","661","639","650","672"
"437","629","678","637","679","667","661","639","653","672"
"438","629","680","639","682","669","661","642","654","674"
"439","631","683","640","684","671","662","642","654","675"
"440","634","684","643","685","672","663","642","655","677"
"441","635","684","646","685","674","664","645","656","679"
"442","635","687","648","685","674","666","648","659","680"
"443","636","688","651","686","674","668","651","659","683"
"444","638","689","652","686","676","671","654","661","684"
"445","641","692","653","689","679","672","655","663","686"
"446","641","693","654","691","679","673","656","663","687"
"447","641","696","654","691","679","674","658","664","687"
"448","644","699","654","693","680","677","661","665","688"
"449","647","700","657","694","683","678","662","667","690"
"450","648","703","660","696","683","678","665","669","690"
"451","649","705","662","696","686","681","667","671","691"
"452","650","708","663","697","689","683","667","671","693"
"453","650","709","664","697","690","685","668","674","695"
"454","651","710","664","700","691","686","670","676","696"
"455","651","711","667","701","694","687","673","679","697"
"456","653","713","668","701","696","688","674","680","697"
"457","654","716","668","702","697","688","675","682","700"
"458","657","716","668","704","698","690","676","685","700"
"459","659","717","670","704","699","693","679","685","701"
"460","660","718","670","704","702","693","679","687","701"
"461","662","720","673","707","703","696","682","688","701"
"462","662","722","674","709","703","697","685","691","702"
"463","664","724","676","710","705","700","687","692","702"
"464","667","727","679","711","708","703","689","693","704"
"465","669","728","681","712","708","704","691","695","705"
"466","669","730","684","714","708","706","692","698","705"
"467","671","733","687","717","709","709","693","701","707"
"468","673","736","688","717","711","709","695","703","708"
"469","676","736","690","720","713","711","697","706","709"
"470","676","739","692","720","715","712","697","707","710"
"471","679","739","693","721","716","714","698","707","710"
"472","679","742","694","721","717","716","698","708","713"
"473","682","743","696","723","719","716","698","710","713"
"474","684","746","698","725","720","719","700","711","714"
"475","687","748","701","726","720","721","703","713","716"
"476","689","751","701","727","723","724","706","714","716"
"477","692","751","703","727","726","727","709","714","717"
"478","694","751","705","729","727","728","712","716","719"
"479","695","752","708","731","730","730","712","719","720"
"480","697","752","708","731","730","733","713","720","722"
"481","698","752","711","734","732","735","714","723","723"
"482","698","755","712","734","732","735","716","726","723"
"483","699","758","714","736","734","735","718","726","723"
"484","702","759","716","737","737","737","718","728","726"
"485","705","762","718","740","740","737","720","730","729"
"486","705","763","718","743","740","737","722","733","729"
"487","706","766","720","746","743","740","723","733","730"
"488","707","769","720","746","745","743","724","736","732"
"489","710","769","722","748","748","744","725","737","735"
"490","710","771","725","748","749","746","727","740","738"
"491","712","774","728","750","750","746","730","740","738"
"492","713","777","728","751","752","746","732","740","739"
"493","713","777","730","754","755","748","735","741","741"
"494","713","777","731","756","757","748","737","743","742"
"495","713","778","734","756","757","751","739","746","745"
"496","716","781","737","759","760","751","740","747","748"
"497","717","784","739","759","763","754","740","747","751"
"498","719","785","741","761","763","754","741","750","751"
"499","721","787","743","761","764","756","744","753","754"
"500","724","789","746","762","765","759","744","754","756"
"501","727","791","748","764","767","761","745","756","757"
"502","727","793","748","766","767","762","745","759","757"
"503","729","795","751","767","767","762","745","761","758"
"504","731","796","751","769","768","765","747","764","758"
"505","734","797","752","771","769","766","749","766","761"
"506","734","797","754","774","769","769","752","766","762"
"507","735","800","754","775","771","771","755","766","763"
"508","737","801","756","776","772","774","755","767","764"
"509","737","802","758","779","775","774","755","769","765"
"510","738","802","760","781","776","774","756","772","765"
"511","739","804","760","782","778","775","756","772","766"
"512","740","806","761","784","780","775","758","773","766"
"513","742","806","761","786","783","778","760","773","769"
"514","743","806","761","789","783","778","762","775","770"
"515","745","809","764","791","784","780","764","777","772"
"516","747","810","766","793","786","783","764","779","774"
"517","749","810","767","794","786","783","766","780","777"
"518","749","811","768","797","786","784","768","782","777"
"519","750","813","769","798","788","785","768","785","778"
"520","750","813","770","801","790","785","769","785","780"
"521","753","816","772","801","793","788","770","788","781"
"522","753","818","773","803","793","788","771","790","783"
"523","755","820","773","804","796","789","772","793","783"
"524","757","823","773","806","799","791","773","794","783"
"525","758","824","776","806","801","794","774","797","786"
"526","758","826","778","809","803","794","776","799","786"
"527","759","827","781","811","805","796","777","802","787"
"528","761","828","782","814","805","798","777","802","790"
"529","761","828","782","814","807","800","780","803","791"
"530","761","829","784","817","810","803","782","804","794"
"531","764","831","786","818","813","805","783","804","794"
"532","766","834","786","819","816","807","785","807","797"
"533","768","834","789","820","819","807","786","810","797"
"534","769","837","791","822","819","809","788","810","798"
"535","771","837","794","822","819","811","788","810","800"
"536","772","840","794","825","822","814","790","811","802"
"537","773","840","794","828","825","814","791","814","802"
"538","774","843","797","831","827","814","793","816","805"
"539","775","846","799","831","829","815","793","818","805"
"540","775","846","800","833","832","817","796","818","808"
"541","778","846","801","833","834","817","796","820","811"
"542","779","847","804","836","836","819","799","823","813"
"543","782","849","804","839","837","821","799","823","813"
"544","783","852","806","841","839","824","800","824","815"
"545","785","852","806","843","842","824","802","826","818"
"546","787","853","809","845","842","824","802","829","818"
"547","787","855","811","847","842","826","804","832","819"
"548","789","856","811","849","844","828","804","832","822"
"549","790","859","812","851","846","829","806","832","825"
"550","791","859","814","851","846","829","808","834","825"
"551","792","862","817","853","849","829","811","837","825"
"552","792","862","819","853","851","831","812","839","827"
"553","795","865","820","855","852","832","815","839","829"
"554","796","866","820","858","852","832","816","840","830"
"555","798","867","823","859","855","834","816","841","830"
"556","801","868","823","862","857","837","818","843","830"
"557","802","871","824","865","859","837","820","846","831"
"558","803","874","827","865","862","837","823","847","831"
"559","806","876","828","865","863","839","823","847","834"
"560","806","877","830","866","863","842","826","848","837"
"561","809","880","830","867","866","845","826","851","840"
"562","809","881","832","870","866","846","829","854","841"
"563","810","883","833","870","869","849","832","855","842"
"564","812","886","834","871","871","852","833","857","844"
"565","815","887","835","873","874","852","835","857","846"
"566","815","887","835","876","874","855","837","860","849"
"567","816","889","835","876","876","858","839","860","850"
"568","818","890","836","879","876","861","840","861","851"
"569","821","891","836","881","879","861","842","862","851"
"570","821","891","837","883","882","862","844","865","851"
"571","821","891","838","884","883","863","844","866","852"
"572","823","894","839","887","886","864","845","869","853"
"573","823","895","841","889","889","864","845","872","856"
"574","824","897","841","892","889","865","848","875","857"
"575","826","899","843","895","890","868","848","876","858"
"576","828","902","844","897","892","868","851","877","858"
"577","831","902","845","900","894","868","853","878","858"
"578","834","905","848","903","894","869","855","881","860"
"579","836","907","850","904","896","869","856","884","862"
"580","837","910","852","904","898","872","858","884","864"
"581","839","910","853","907","901","872","858","885","866"
"582","840","911","856","907","901","872","858","888","868"
"583","843","913","859","907","902","874","860","890","870"
"584","845","915","859","909","904","877","861","891","871"
"585","848","916","860","911","906","877","861","894","873"
"586","848","919","860","914","906","877","864","897","876"
"587","849","921","861","915","906","878","866","900","878"
"588","850","923","861","916","909","879","866","901","879"
"589","853","924","861","918","912","879","867","901","882"
"590","855","924","864","920","915","879","870","904","884"
"591","856","927","867","921","915","880","873","905","884"
"592","859","930","870","922","918","881","875","905","886"
"593","861","933","871","923","921","883","875","906","889"
"594","862","935","874","925","921","886","878","906","889"
"595","864","938","877","926","923","889","881","906","890"
"596","865","938","879","926","925","891","881","909","892"
"597","868","938","880","929","925","891","882","911","892"
"598","869","940","882","931","928","892","883","914","892"
"599","871","943","883","931","928","893","885","914","893"
"600","873","946","883","931","930","893","886","917","894"
"601","873","947","884","934","932","896","887","919","895"
"602","875","950","887","937","932","896","890","920","898"
"603","877","953","889","940","932","897","890","922","899"
"604","880","956","892","941","933","898","890","924","901"
"605","880","957","895","944","934","901","892","925","903"
"606","882","958","896","947","934","904","894","928","903"
"607","883","960","899","947","935","904","897","929","904"
"608","883","963","900","947","935","907","897","930","907"
"609","883","965","902","948","938","907","899","932","909"
"610","884","967","903","949","938","908","901","934","909"
"611","885","967","906","949","938","910","903","937","909"
"612","885","967","907","950","941","913","903","937","911"
"613","886","968","910","951","944","914","904","940","912"
"614","886","970","911","954","947","916","905","940","913"
"615","886","972","913","954","949","919","908","940","913"
"616","888","975","916","955","951","920","908","941","916"
"617","888","976","918","955","952","920","910","942","917"
"618","888","978","920","956","952","921","910","945","918"
"619","890","980","922","958","954","922","912","948","921"
"620","891","983","924","959","954","925","913","950","921"
"621","894","985","927","962","957","926","914","952","923"
"622","895","987","930","962","958","926","915","953","926"
"623","896","989","931","962","958","929","917","955","928"
"624","898","992","932","964","959","932","917","956","930"
"625","901","992","932","967","962","935","920","958","933"
"626","903","992","933","970","963","937","921","960","934"
"627","906","995","933","970","964","939","924","963","934"
"628","907","998","936","971","967","939","925","965","937"
"629","910","1000","936","974","968","942","925","966","940"
"630","911","1000","937","976","968","943","925","967","940"
"631","913","1000","938","976","970","944","926","970","940"
"632","915","1001","940","976","973","946","928","971","943"
"633","916","1001","941","978","975","946","931","973","946"
"634","919","1001","943","980","975","948","931","975","947"
"635","920","1002","945","980","976","949","931","975","948"
"636","922","1002","945","981","977","952","932","976","950"
"637","924","1002","947","983","980","952","932","978","953"
"638","927","1003","950","983","980","954","932","980","955"
"639","930","1003","952","984","980","955","935","982","956"
"640","933","1003","954","986","983","957","935","983","956"
"641","933","1004","957","987","985","957","935","986","959"
"642","933","1004","959","989","988","958","938","989","959"
"643","935","1004","962","989","990","960","938","992","960"
"644","936","1005","962","991","993","961","938","995","962"
"645","939","1005","965","994","995","961","941","997","965"
"646","941","1005","965","997","997","964","943","999","965"
"647","942","1006","968","998","999","966","945","1000","967"
"648","943","1006","970","1000","1000","969","946","1000","967"
"649","944","1006","972","1000","1000","969","946","1000","970"
"650","945","1007","974","1000","1000","971","948","1001","970"
"651","946","1007","974","1001","1001","971","948","1001","972"
"652","946","1007","975","1001","1001","971","948","1001","975"
"653","948","1008","976","1001","1001","972","951","1002","977"
"654","950","1008","978","1002","1002","975","953","1002","977"
"655","951","1008","981","1002","1002","975","954","1002","977"
"656","953","1009","984","1002","1002","975","956","1003","978"
"657","955","1009","984","1003","1003","976","958","1003","978"
"658","957","1009","987","1003","1003","977","959","1003","978"
"659","959","1010","987","1003","1003","980","961","1004","979"
"660","962","1010","987","1004","1004","982","961","1004","981"
"661","963","1010","989","1004","1004","983","962","1004","984"
"662","965","1011","989","1004","1004","983","964","1005","985"
"663","965","1011","991","1005","1005","985","965","1005","985"
"664","965","1011","992","1005","1005","987","965","1005","986"
"665","968","1012","994","1005","1005","988","967","1006","989"
"666","968","1012","997","1006","1006","989","968","1006","989"
"667","971","1012","998","1006","1006","992","970","1006","990"
"668","972","1013","1000","1006","1006","995","971","1007","993"
"669","975","1013","1000","1007","1007","995","974","1007","993"
"670","975","1013","1000","1007","1007","996","975","1007","994"
"671","976","1014","1001","1007","1007","999","975","1008","994"
"672","978","1014","1001","1008","1008","999","975","1008","996"
"673","981","1014","1001","1008","1008","1000","977","1008","998"
"674","982","1015","1002","1008","1008","1000","980","1009","998"
"675","983","1015","1002","1009","1009","1000","982","1009","998"
"676","984","1015","1002","1009","1009","1001","983","1009","999"
"677","987","1016","1003","1009","1009","1001","984","1010","1000"
"678","990","1016","1003","1010","1010","1001","986","1010","1000"
"679","991","1016","1003","1010","1010","1002","989","1010","1000"
"680","992","1017","1004","1010","1010","1002","991","1011","1001"
"681","993","1017","1004","1011","1011","1002","993","1011","1001"
"682","993","1017","1004","1011","1011","1003","995","1011","1001"
"683","996","1018","1005","1011","1011","1003","998","1012","1002"
"684","997","1018","1005","1012","1012","1003","998","1012","1002"
"685","999","1018","1005","1012","1012","1004","1000","1012","1002"
"686","999","1019","1006","1012","1012","1004","1000","1013","1003"
"687","999","1019","1006","1013","1013","1004","1000","1013","1003"
"688","999","1019","1006","1013","1013","1005","1001","1013","1003"
"689","1000","1020","1007","1013","1013","1005","1001","1014","1004"
"690","1000","1020","1007","1014","1014","1005","1001","1014","1004"
"691","1000","1020","1007","1014","1014","1006","1002","1014","1004"
"692","1000","1021","1008","1014","1014","1006","1002","1015","1005"
"693","1001","1021","1008","1015","1015","1006","1002","1015","1005"
"694","1001","1021","1008","1015","1015","1007","1003","1015","1005"
"695","1001","1022","1009","1015","1015","1007","1003","1016","1006"
"696","1001","1022","1009","1016","1016","1007","1003","1016","1006"
"697","1002","1022","1009","1016","1016","1008","1004","1016","1006"
"698","1002","1023","1010","1016","1016","1008","1004","1017","1007"
"699","1002","1023","1010","1017","1017","1008","1004","1017","1007"
"700","1002","1023","1010","1017","1017","1009","1005","1017","1007"
"701","1003","1024","1011","1017","1017","1009","1005","1018","1008"
"702","1003","1024","1011","1018","1018","1009","1005","1018","1008"
"703","1003","1024","1011","1018","1018","1010","1006","1018","1008"
"704","1003","1025","1012","1018","1018","1010","1006","1019","1009"
"705","1004","1025","1012","1019","1019","1010","1006","1019","1009"
"706","1004","1025","1012","1019","1019","1011","1007","1019","1009"
"707","1004","1026","1013","1019","1019","1011","1007","1020","1010"
"708","1004","1026","1013","1020","1020","1011","1007","1020","1010"
"709","1005","1026","1013","1020","1020","1012","1008","1020","1010"
"710","1005","1027","1014","1020","1020","1012","1008","1021","1011"
"711","1005","1027","1014","1021","1021","1012","1008","1021","1011"
"712","1005","1027","1014","1021","1021","1013","1009","1021","1011"
"713","1006","1028","1015","1021","1021","1013","1009","1022","1012"
"714","1006","1028","1015","1022","1022","1013","1009","1022","1012"
"715","1006","1028","1015","1022","1022","1014","1010","1022","1012"
"716","1006","1029","1016","1022","1022","1014","1010","1023","1013"
"717","1007","1029","1016","1023","1023","1014","1010","1023","1013"
"718","1007","1029","1016","1023","1023","1015","1011","1023","1013"
"719","1007","1030","1017","1023","1023","1015","1011","1024","1014"
"720","1007","1030","1017","1024","1024","1015","1011","1024","1014"
"721","1008","1030","1017","1024","1024","1016","1012","1024","1014"
"722","1008","1031","1018","1024","1024","1016","1012","1025","1015"
"723","1008","1031","1018","1025","1025","1016","1012","1025","1015"
"724","1008","1031","1018","1025","1025","1017","1013","1025","1015"
"725","1009","1032","1019","1025","1025","1017","1013","1026","1016"
"726","1009","1032","1019","1026","1026","1017","1013","1026","1016"
"727","1009","1032","1019","1026","1026","1018","1014","1026","1016"
"728","1009","1033","1020","1026","1026","1018","1014","1027","1017"
"729","1010","1033","1020","1027","1027","1018","1014","1027","1017"
"730","1010","1033","1020","1027","1027","1019","1015","1027","1017"
"731","1010","1034","1021","1027","1027","1019","1015","1028","1018"
"732","1010","1034","1021","1028","1028","1019","1015","1028","1018"
"733","1011","1034","1021","1028","1028","1020","1016","1028","1018"
"734","1011","1035","1022","1028","1028","1020","1016","1029","1019"
"735","1011","1035","1022","1029","1029","1020","1016","1029","1019"
"736","1011","1035","1022","1029","1029","1021","1017","1029","1019"
"737","1012","1036","1023","1029","1029","1021","1017","1030","1020"
"738","1012","1036","1023","1030","1030","1021","1017","1030","1020"
"739","1012","1036","1023","1030","1030","1022","1018","1030","1020"
"740","1012","1037","1024","1030","1030","1022","1018","1031","1021"
"741","1013","1037","1024","1031","1031","1022","1018","1031","1021"
"742","1013","1037","1024","1031","1031","1023","1019","1031","1021"
"743","1013","1038","1025","1031","1031","1023","1019","1032","1022"
"744","1013","1038","1025","1032","1032","1023","1019","1032","1022"
"745","1014","1038","1025","1032","1032","1024","1020","1032","1022"
"746","1014","1039","1026","1032","1032","1024","1020","1033","1023"
"747","1014","1039","1026","1033","1033","1024","1020","1033","1023"
"748","1014","1039","1026","1033","1033","1025","1021","1033","1023"
"749","1015","1040","1027","1033","1033","1025","1021","1034","1024"
"750","1015","1040","1027","1034","1034","1025","1021","1034","1024"
"751","1015","1040","1027","1034","1034","1026","1022","1034","1024"
"752","1015","1041","1028","1034","1034","1026","1022","1035","1025"
"753","1016","1041","1028","1035","1035","1026","1022","1035","1025"
"754","1016","1041","1028","1035","1035","1027","1023","1035","1025"
"755","1016","1042","1029","1035","1035","1027","1023","1036","1026"
"756","1016","1042","1029","1036","1036","1027","1023","1036","1026"
"757","1017","1042","1029","1036","1036","1028","1024","1036","1026"
"758","1017","1043","1030","1036","1036","1028","1024","1037","1027"
"759","1017","1043","1030","1037","1037","1028","1024","1037","1027"
"760","1017","1043","1030","1037","1037","1029","1025","1037","1027"
"761","1018","1044","1031","1037","1037","1029","1025","1038","1028"
"762","1018","1044","1031","1038","1038","1029","1025","1038","1028"
"763","1018","1044","1031","1038","1038","1030","1026","1038","1028"
"764","1018","1045","1032","1038","1038","1030","1026","1039","1029"
"765","1019","1045","1032","1039","1039","1030","1026","1039","1029"
"766","1019","1045","1032","1039","1039","1031","1027","1039","1029"
"767","1019","1046","1033","1039","1039","1031","1027","1040","1030"
"768","1019","1046","1033","1040","1040","1031","1027","1040","1030"
"769","1020","1046","1033","1040","1040","1032","1028","1040","1030"
"770","1020","1047","1034","1040","1040","1032","1028","1041","1031"
"771","1020","1047","1034","1041","1041","1032","1028","1041","1031"
"772","1020","1047","1034","1041","1041","1033","1029","1041","1031"
"773","1021","1048","1035","1041","1041","1033","1029","1042","1032"
"774","1021","1048","1035","1042","1042","1033","1029","1042","1032"
"775","1021","1048","1035","1042","1042","1034","1030","1042","1032"
"776","1021","1049","1036","1042","1042","1034","1030","1043","1033"
"777","1022","1049","1036","1043","1043","1034","1030","1043","1033"
"778","1022","1049","1036","1043","1043","1035","1031","1043","1033"
"779","1022","1050","1037","1043","1043","1035","1031","1044","1034"
"780","1022","1050","1037","1044","1044","1035","1031","1044","1034"
"781","1023","1050","1037","1044","1044","1036","1032","1044","1034"
"782","1023","1051","1038","1044","1044","1036","1032","1045","1035"
"783","1023","1051","1038","1045","1045","1036","1032","1045","1035"
"784","1023","1051","1038","1045","1045","1037","1033","1045","1035"
"785","1024","1052","1039","1045","1045","1037","1033","1046","1036"
"786","1024","1052","1039","1046","1046","1037","1033","1046","1036"
"787","1024","1052","1039","1046","1046","1038","1034","1046","1036"
"788","1024","1053","1040","1046","1046","1038","1034","1047","1037"
"789","1025","1053","1040","1047","1047","1038","1034","1047","1037"
"790","1025","1053","1040","1047","1047","1039","1035","1047","1037"
"791","1025","1054","1041","1047","1047","1039","1035","1048","1038"
"792","1025","1054","1041","1048","1048","1039","1035","1048","1038"
"793","1026","1054","1041","1048","1048","1040","1036","1048","1038"
"794","1026","1055","1042","1048","1048","1040","1036","1049","1039"
"795","1026","1055","1042","1049","1049","1040","1036","1049","1039"
"796","1026","1055","1042","1049","1049","1041","1037","1049","1039"
"797","1027","1056","1043","1049","1049","1041","1037","1050","1040"
"798","1027","1056","1043","1050","1050","1041","1037","1050","1040"
"799","1027","1056","1043","1050","1050","1042","1038","1050","1040"
"800","1027","1057","1044","1050","1050","1042","1038","1051","1041"
"801","1028","1057","1044","1051","1051","1042","1038","1051","1041"
"802","1028","1057","1044","1051","1051","1043","1039","1051","1041"
"803","1028","1058","1045","1051","1051","1043","1039","1052","1042"
"804","1028","1058","1045","1052","1052","1043","1039","1052","1042"
"805","1029","1058","1045","1052","1052","1044","1040","1052","1042"
"806","1029","1059","1046","1052","1052","1044","1040","1053","1043"
"807","1029","1059","1046","1053","1053","1044","1040","1053","1043"
"808","1029","1059","1046","1053","1053","1045","1041","1053","1043"
"809","1030","1060","1047","1053","1053","1045","1041","1054","1044"
"810","1030","1060","1047","1054","1054","1045","1041","1054","1044"
"811","1030","1060","1047","1054","1054","1046","1042","1054","1044"
"812","1030","1061","1048","1054","1054","1046","1042","1055","1045"
"813","1031","1061","1048","1055","1055","1046","1042","1055","1045"
"814","1031","1061","1048","1055","1055","1047","1043","1055","1045"
"815","1031","1062","1049","1055","1055","1047","1043","1056","1046"
"816","1031","1062","1049","1056","1056","1047","1043","1056","1046"
"817","1032","1062","1049","1056","1056","1048","1044","1056","1046"
"818","1032","1063","1050","1056","1056","1048","1044","1057","1047"
"819","1032","1063","1050","1057","1057","1048","1044","1057","1047"
"820","1032","1063","1050","1057","1057","1049","1045","1057","1047"
"821","1033","1064","1051","1057","1057","1049","1045","1058","1048"
"822","1033","1064","1051","1058","1058","1049","1045","1058","1048"
"823","1033","1064","1051","1058","1058","1050","1046","1058","1048"
"824","1033","1065","1052","1058","1058","1050","1046","1059","1049"
"825","1034","1065","1052","1059","1059","1050","1046","1059","1049"
"826","1034","1065","1052","1059","1059","1051","1047","1059","1049"
"827","1034","1066","1053","1059","1059","1051","1047","1060","1050"
"828","1034","1066","1053","1060","1060","1051","1047","1060","1050"
"829","1035","1066","1053","1060","1060","1052","1048","1060","1050"
"830","1035","1067","1054","1060","1060","1052","1048","1061","1051"
"831","1035","1067","1054","1061","1061","1052","1048","1061","1051"
"832","1035","1067","1054","1061","1061","1053","1049","1061","1051"
"833","1036","1068","1055","1061","1061","1053","1049","1062","1052"
"834","1036","1068","1055","1062","1062","1053","1049","1062","1052"
"835","1036","1068","1055","1062","1062","1054","1050","1062","1052"
"836","1036","1069","1056","1062","1062","1054","1050","1063","1053"
"837","1037","1069","1056","1063","1063","1054","1050","1063","1053"
"838","1037","1069","1056","1063","1063","1055","1051","1063","1053"
"839","1037","1070","1057","1063","1063","1055","1051","1064","1054"
"840","1037","1070","1057","1064","1064","1055","1051","1064","1054"
"841","1038","1070","1057","1064","1064","1056","1052","1064","1054"
"842","1038","1071","1058","1064","1064","1056","1052","1065","1055"
"843","1038","1071","1058","1065","1065","1056","1052","1065","1055"
"844","1038","1071","1058","1065","1065","1057","1053","1065","1055"
"845","1039","1072","1059","1065","1065","1057","1053","1066","1056"
"846","1039","1072","1059","1066","1066","1057","1053","1066","1056"
"847","1039","1072","1059","1066","1066","1058","1054","1066","1056"
"848","1039","1073","1060","1066","1066","1058","1054","1067","1057"
"849","1040","1073","1060","1067","1067","1058","1054","1067","1057"
"850","1040","1073","1060","1067","1067","1059","1055","1067","1057"
"851","1040","1074","1061","1067","1067","1059","1055","1068","1058"
"852","1040","1074","1061","1068","1068","1059","1055","1068","1058"
"853","1041","1074","1061","1068","1068","1060","1056","1068","1058"
"854","1041","1075","1062","1068","1068","1060","1056","1069","1059"
"855","1041","1075","1062","1069","1069","1060","1056","1069","1059"
"856","1041","1075","1062","1069","1069","1061","1057","1069","1059"
"857","1042","1076","1063","1069","1069","1061","1057","1070","1060"
"858","1042","1076","1063","1070","1070","1061","1057","1070","1060"
"859","1042","1076","1063","1070","1070","1062","1058","1070","1060"
"860","1042","1077","1064","1070","1070","1062","1058","1071","1061"
"861","1043","1077","1064","1071","1071","1062","1058","1071","1061"
"862","1043","1077","1064","1071","1071","1063","1059","1071","1061"
"863","1043","1078","1065","1071","1071","1063","1059","1072","1062"
"864","1043","1078","1065","1072","1072","1063","1059","1072","1062"
"865","1044","1078","1065","1072","1072","1064","1060","1072","1062"
"866","1044","1079","1066","1072","1072","1064","1060","1073","1063"
"867","1044","1079","1066","1073","1073","1064","1060","1073","1063"
"868","1044","1079","1066","1073","1073","1065","1061","1073","1063"
"869","1045","1080","1067","1073","1073","1065","1061","1074","1064"
"870","1045","1080","1067","1074","1074","1065","1061","1074","1064"
"871","1045","1080","1067","1074","1074","1066","1062","1074","1064"
"872","1045","1081","1068","1074","1074","1066","1062","1075","1065"
"873","1046","1081","1068","1075","1075","1066","1062","1075","1065"
"874","1046","1081","1068","1075","1075","1067","1063","1075","1065"
"875","1046","1082","1069","1075","1075","1067","1063","1076","1066"
"876","1046","1082","1069","1076","1076","1067","1063","1076","1066"
"877","1047","1082","1069","1076","1076","1068","1064","1076","1066"
"878","1047","1083","1070","1076","1076","1068","1064","1077","1067"
"879","1047","1083","1070","1077","1077","1068","1064","1077","1067"
"880","1047","1083","1070","1077","1077","1069","1065","1077","1067"
"881","1048","1084","1071","1077","1077","1069","1065","1078","1068"
"882","1048","1084","1071","1078","1078","1069","1065","1078","1068"
"883","1048","1084","1071","1078","1078","1070","1066","1078","1068"
"884","1048","1085","1072","1078","1078","1070","1066","1079","1069"
"885","1049","1085","1072","1079","1079","1070","1066","1079","1069"
"886","1049","1085","1072","1079","1079","1071","1067","1079","1069"
"887","1049","1086","1073","1079","1079","1071","1067","1080","1070"
"888","1049","1086","1073","1080","1080","1071","1067","1080","1070"
"889","1050","1086","1073","1080","1080","1072","1068","1080","1070"
"890","1050","1087","1074","1080","1080","1072","1068","1081","1071"
"891","1050","1087","1074","1081","1081","1072","1068","1081","1071"
"892","1050","1087","1074","1081","1081","1073","1069","1081","1071"
"893","1051","1088","1075","1081","1081","1073","1069","1082","1072"
"894","1051","1088","1075","1082","1082","1073","1069","1082","1072"
"895","1051","1088","1075","1082","1082","1074","1070","1082","1072"
"896","1051","1089","1076","1082","1082","1074","1070","1083","1073"
"897","1052","1089","1076","1083","1083","1074","1070","1083","1073"
"898","1052","1089","1076","1083","1083","1075","1071","1083","1073"
"899","1052","1090","1077","1083","1083","1075","1071","1084","1074"
"900","1052","1090","1077","1084","1084","1075","1071","1084","1074"
"901","1053","1090","1077","1084","1084","1076","1072","1084","1074"
"902","1053","1091","1078","1084","1084","1076","1072","1085","1075"
"903","1053","1091","1078","1085","1085","1076","1072","1085","1075"
"904","1053","1091","1078","1085","1085","1077","1073","1085","1075"
"905","1054","1092","1079","1085","1085","1077","1073","1086","1076"
"906","1054","1092","1079","1086","1086","1077","1073","1086","1076"
"907","1054","1092","1079","1086","1086","1078","1074","1086","1076"
"908","1054","1093","1080","1086","1086","1078","1074","1087","1077"
"909","1055","1093","1080","1087","1087","1078","1074","1087","1077"
"910","1055","1093","1080","1087","1087","1079","1075","1087","1077"
"911","1055","1094","1081","1087","1087","1079","1075","1088","1078"
"912","1055","1094","1081","1088","1088","1079","1075","1088","1078"
"913","1056","1094","1081","1088","1088","1080","1076","1088","1078"
"914","1056","1095","1082","1088","1088","1080","1076","1089","1079"
"915","1056","1095","1082","1089","1089","1080","1076","1089","1079"
"916","1056","1095","1082","1089","1089","1081","1077","1089","1079"
"917","1057","1096","1083","1089","1089","1081","1077","1090","1080"
"918","1057","1096","1083","1090","1090","1081","1077","1090","1080"
"919","1057","1096","1083","1090","1090","1082","1078","1090","1080"
"920","1057","1097","1084","1090","1090","1082","1078","1091","1081"
"921","1058","1097","1084","1091","1091","1082","1078","1091","1081"
"922","1058","1097","1084","1091","1091","1083","1079","1091","1081"
"923","1058","1098","1085","1091","1091","1083","1079","1092","1082"
"924","1058","1098","1085","1092","1092","1083","1079","1092","1082"
"925","1059","1098","1085","1092","1092","1084","1080","1092","1082"
"926","1059","1099","1086","1092","1092","1084","1080","1093","1083"
"927","1059","1099","1086","1093","1093","1084","1080","1093","1083"
"928","1059","1099","1086","1093","1093","1085","1081","1093","1083"
"929","1060","1100","1087","1093","1093","1085","1081","1094","1084"
"930","1060","1100","1087","1094","1094","1085","1081","1094","1084"
"931","1060","1100","1087","1094","1094","1086","1082","1094","1084"
"932","1060","1101","1088","1094","1094","1086","1082","1095","1085"
"933","1061","1101","1088","1095","1095","1086","1082","1095","1085"
"934","1061","1101","1088","1095","1095","1087","1083","1095","1085"
"935","1061","1102","1089","1095","1095","1087","1083","1096","1086"
"936","1061","1102","1089","1096","1096","1087","1083","1096","1086"
"937","1062","1102","1089","1096","1096","1088","1084","1096","1086"
"938","1062","1103","1090","1096","1096","1088","1084","1097","1087"
"939","1062","1103","1090","1097","1097","1088","1084","1097","1087"
"940","1062","1103","1090","1097","1097","1089","1085","1097","1087"
"941","1063","1104","1091","1097","1097","1089","1085","1098","1088"
"942","1063","1104","1091","1098","1098","1089","1085","1098","1088"
"943","1063","1104","1091","1098","1098","1090","1086","1098","1088"
"944","1063","1105","1092","1098","1098","1090","1086","1099","1089"
"945","1064","1105","1092","1099","1099","1090","1086","1099","1089"
"946","1064","1105","1092","1099","1099","1091","1087","1099","1089"
"947","1064","1106","1093","1099","1099","1091","1087","1100","1090"
"948","1064","1106","1093","1100","1100","1091","1087","1100","1090"
"949","1065","1106","1093","1100","1100","1092","1088","1100","1090"
"950","1065","1107","1094","1100","1100","1092","1088","1101","1091"
"951","1065","1107","1094","1101","1101","1092","1088","1101","1091"
"952","1065","1107","1094","1101","1101","1093","1089","1101","1091"
"953","1066","1108","1095","1101","1101","1093","1089","1102","1092"
"954","1066","1108","1095","1102","1102","1093","1089","1102","1092"
"955","1066","1108","1095","1102","1102","1094","1090","1102","1092"
"956","1066","1109","1096","1102","1102","1094","1090","1103","1093"
"957","1067","1109","1096","1103","1103","1094","1090","1103","1093"
"958","1067","1109","1096","1103","1103","1095","1091","1103","1093"
"959","1067","1110","1097","1103","1103","1095","1091","1104","1094"
"960","1067","1110","1097","1104","1104","1095","1091","1104","1094"
"961","1068","1110","1097","1104","1104","1096","1092","1104","1094"
"962","1068","1111","1098","1104","1104","1096","1092","1105","1095"
"963","1068","1111","1098","1105","1105","1096","1092","1105","1095"
"964","1068","1111","1098","1105","1105","1097","1093","1105","1095"
"965","1069","1112","1099","1105","1105","1097","1093","1106","1096"
"966","1069","1112","1099","1106","1106","1097","1093","1106","1096"
"967","1069","1112","1099","1106","1106","1098","1094","1106","1096"
"968","1069","1113","1100","1106","1106","1098","1094","1107","1097"
"969","1070","1113","1100","1107","1107","1098","1094","1107","1097"
"970","1070","1113","1100","1107","1107","1099","1095","1107","1097"
"971","1070","1114","1101","1107","1107","1099","1095","1108","1098"
"972","1070","1114","1101","1108","1108","1099","1095","1108","1098"
"973","1071","1114","1101","1108","1108","1100","1096","1108","1098"
"974","1071","1115","1102","1108","1108","1100","1096","1109","1099"
"975","1071","1115","1102","1109","1109","1100","1096","1109","1099"
"976","1071","1115","1102","1109","1109","1101","1097","1109","1099"
"977","1072","1116","1103","1109","1109","1101","1097","1110","1100"
"978","1072","1116","1103","1110","1110","1101","1097","1110","1100"
"979","1072","1116","1103","1110","1110","1102","1098","1110","1100"
"980","1072","1117","1104","1110","1110","1102","1098","1111","1101"
"981","1073","1117","1104","1111","1111","1102","1098","1111","1101"
"982","1073","1117","1104","1111","1111","1103","1099","1111","1101"
"983","1073","1118","1105","1111","1111","1103","1099","1112","1102"
"984","1073","1118","1105","1112","1112","1103","1099","1112","1102"
"985","1074","1118","1105","1112","1112","1104","1100","1112","1102"
"986","1074","1119","1106","1112","1112","1104","1100","1113","1103"
"987","1074","1119","1106","1113","1113","1104","1100","1113","1103"
"988","1074","1119","1106","1113","1113","1105","1101","1113","1103"
"989","1075","1120","1107","1113","1113","1105","1101","1114","1104"
"990","1075","1120","1107","1114","1114","1105","1101","1114","1104"
"991","1075","1120","1107","1114","1114","1106","1102","1114","1104"
"992","1075","1121","1108","1114","1114","1106","1102","1115","1105"
"993","1076","1121","1108","1115","1115","1106","1102","1115","1105"
"994","1076","1121","1108","1115","1115","1107","1103","1115","1105"
"995","1076","1122","1109","1115","1115","1107","1103","1116","1106"
"996","1076","1122","1109","1116","1116","1107","1103","1116","1106"
"997","1077","1122","1109","1116","1116","1108","1104","1116","1106"
"998","1077","1123","1110","1116","1116","1108","1104","1117","1107"
"999","1077","1123","1110","1117","1117","1108","1104","1117","1107"
